Name,accelerometerIn
0,9
1,9
2,3
3,5
4,3
5,-2
6,-4
7,-7
8,-7
9,-8
10,-8
11,-11
12,-11
13,-10
14,-11
15,-76
16,-191
17,-14
18,-21
19,39
20,73
21,109
22,24
23,1
24,-70
25,31
26,-76
27,78
28,62
29,50
30,66
31,81
32,82
33,94
34,65
35,52
36,-6
37,-4
38,23
39,-10
40,20
41,-11
42,-16
43,-14
44,-32
45,-37
46,-41
47,-61
48,-65
49,-74
50,-63
51,-53
52,-41
53,-31
54,-28
55,-16
56,0
57,2
58,19
59,16
60,30
61,41
62,33
63,40
64,47
65,47
66,54
67,53
68,43
69,41
70,32
71,18
72,2
73,-10
74,-19
75,-33
76,-44
77,-51
78,-46
79,-36
80,-37
81,-34
82,-41
83,-36
84,-38
85,-38
86,-27
87,-11
88,-3
89,18
90,26
91,24
92,33
93,40
94,44
95,45
96,41
97,33
98,36
99,27
100,23
101,18
102,7
103,1
104,-7
105,-10
106,-19
107,-24
108,-25
109,-32
110,-40
111,-42
112,-38
113,-38
114,-34
115,-28
116,-21
117,-16
118,-12
119,-7
120,0
121,13
122,18
123,24
124,27
125,32
126,40
127,39
128,39
129,35
130,32
131,28
132,20
133,11
134,5
135,-2
136,-8
137,-14
138,-24
139,-27
140,-29
141,-28
142,-33
143,-36
144,-31
145,-32
146,-28
147,-23
148,-17
149,-11
150,-6
151,-2
152,9
153,14
154,15
155,20
156,23
157,24
158,27
159,30
160,23
161,24
162,22
163,16
164,13
165,7
166,0
167,0
168,-8
169,-12
170,-19
171,-24
172,-25
173,-28
174,-25
175,-28
176,-21
177,-20
178,-19
179,-17
180,-12
181,-11
182,-2
183,6
184,9
185,11
186,19
187,20
188,23
189,22
190,28
191,24
192,22
193,16
194,18
195,15
196,10
197,5
198,-4
199,-4
200,-11
201,-11
202,-14
203,-19
204,-19
205,-20
206,-20
207,-23
208,-23
209,-17
210,-15
211,-14
212,-12
213,-2
214,-11
215,-83
216,-36
217,-10
218,-27
219,22
220,83
221,146
222,24
223,-4
224,19
225,10
226,62
227,84
228,78
229,79
230,88
231,57
232,81
233,9
234,39
235,5
236,7
237,0
238,3
239,-2
240,-10
241,-36
242,-42
243,-66
244,-67
245,-66
246,-70
247,-70
248,-65
249,-51
250,-33
251,-24
252,-16
253,-12
254,-4
255,2
256,7
257,22
258,24
259,37
260,48
261,60
262,62
263,64
264,60
265,62
266,49
267,41
268,35
269,19
270,5
271,-7
272,-17
273,-24
274,-37
275,-49
276,-57
277,-68
278,-68
279,-58
280,-66
281,-61
282,-49
283,-41
284,-24
285,-12
286,3
287,13
288,30
289,37
290,40
291,53
292,50
293,49
294,47
295,41
296,41
297,33
298,28
299,19
300,14
301,7
302,-2
303,-12
304,-20
305,-29
306,-32
307,-40
308,-46
309,-44
310,-44
311,-41
312,-38
313,-32
314,-29
315,-21
316,-11
317,-7
318,0
319,5
320,19
321,24
322,35
323,36
324,39
325,43
326,57
327,36
328,30
329,31
330,26
331,9
332,10
333,3
334,-2
335,-10
336,-19
337,-27
338,-34
339,-42
340,-44
341,-44
342,-40
343,-36
344,-32
345,-25
346,-25
347,-16
348,-4
349,6
350,16
351,11
352,7
353,16
354,30
355,39
356,36
357,22
358,28
359,39
360,35
361,23
362,6
363,5
364,13
365,10
366,-11
367,-29
368,-27
369,-11
370,-16
371,-29
372,-41
373,-32
374,-24
375,-24
376,-28
377,-109
378,-95
379,-23
380,-16
381,13
382,65
383,77
384,60
385,31
386,20
387,22
388,-220
389,-24
390,-31
391,-11
392,-114
393,-11
394,128
395,82
396,45
397,54
398,3
399,-11
400,-3
401,-11
402,6
403,-11
404,0
405,30
406,11
407,15
408,-10
409,-12
410,-20
411,-44
412,-38
413,-42
414,-33
415,-21
416,-20
417,-11
418,2
419,0
420,2
421,-4
422,0
423,3
424,-7
425,-2
426,-2
427,7
428,11
429,9
430,19
431,24
432,24
433,19
434,7
435,7
436,5
437,-8
438,-14
439,-15
440,-11
441,-6
442,-8
443,-7
444,5
445,-3
446,-11
447,-23
448,-24
449,-23
450,-24
451,-21
452,-11
453,-11
454,0
455,-4
456,13
457,15
458,23
459,18
460,13
461,11
462,20
463,13
464,10
465,0
466,1
467,3
468,-3
469,-11
470,-4
471,-10
472,-4
473,-11
474,-17
475,-15
476,-15
477,-11
478,-19
479,-14
480,-8
481,-11
482,-6
483,-6
484,-6
485,-3
486,-10
487,-6
488,1
489,5
490,5
491,7
492,11
493,22
494,14
495,10
496,10
497,7
498,3
499,-2
500,-6
501,0
502,0
503,-3
504,-7
505,-12
506,-4
507,-11
508,-12
509,-19
510,-21
511,-11
512,-12
513,-11
514,-11
515,-4
516,3
517,0
518,1
519,5
520,11
521,10
522,7
523,7
524,10
525,7
526,10
527,3
528,5
529,5
530,0
531,-2
532,-3
533,-3
534,-4
535,-7
536,-11
537,-6
538,-11
539,-11
540,-10
541,-11
542,-4
543,-11
544,-11
545,-11
546,-8
547,-6
548,-6
549,-8
550,2
551,7
552,3
553,2
554,6
555,9
556,7
557,1
558,2
559,5
560,7
561,2
562,-3
563,0
564,1
565,-2
566,-8
567,-11
568,-8
569,-11
570,-11
571,-11
572,-11
573,-6
574,-8
575,-11
576,-11
577,-4
578,2
579,-4
580,-4
581,0
582,2
583,5
584,1
585,3
586,5
587,5
588,1
589,0
590,5
591,5
592,3
593,0
594,2
595,0
596,-2
597,-4
598,-7
599,-6
600,-7
601,-7
602,-11
603,-11
604,-10
605,-8
606,-11
607,-10
608,-7
609,-7
610,-6
611,-2
612,1
613,5
614,5
615,-2
616,6
617,10
618,3
619,0
620,-3
621,6
622,6
623,2
624,-4
625,0
626,2
627,-2
628,-8
629,-10
630,-3
631,-6
632,-10
633,-11
634,-11
635,-6
636,-7
637,-11
638,-11
639,-2
640,-3
641,-4
642,-45
643,-70
644,-23
645,-2
646,-21
647,16
648,20
649,18
650,18
651,20
652,40
653,32
654,15
655,16
656,14
657,-2
658,-10
659,-11
660,0
661,-3
662,15
663,13
664,9
665,14
666,11
667,-4
668,-8
669,-23
670,-16
671,-17
672,-16
673,-10
674,2
675,7
676,1
677,2
678,-2
679,-6
680,-10
681,-12
682,-11
683,-10
684,-6
685,0
686,2
687,15
688,22
689,19
690,7
691,13
692,7
693,0
694,-4
695,-11
696,-6
697,-4
698,-6
699,-11
700,-10
701,-7
702,-3
703,-17
704,-21
705,-3
706,-11
707,-6
708,-6
709,-3
710,14
711,11
712,5
713,6
714,13
715,7
716,5
717,-11
718,-11
719,-3
720,-10
721,-11
722,-2
723,11
724,-2
725,0
726,-6
727,-6
728,-6
729,0
730,-11
731,-7
732,-10
733,-15
734,-8
735,-10
736,-11
737,-12
738,-11
739,-20
740,-3
741,-11
742,-10
743,7
744,5
745,5
746,2
747,5
748,3
749,10
750,0
751,1
752,6
753,6
754,-2
755,-2
756,1
757,6
758,0
759,-11
760,-11
761,-11
762,-8
763,-11
764,-11
765,-11
766,-6
767,-4
768,-3
769,2
770,0
771,1
772,-3
773,-4
774,1
775,1
776,-6
777,-6
778,-2
779,-3
780,5
781,-2
782,1
783,2
784,3
785,2
786,-2
787,-3
788,-6
789,-4
790,-6
791,-4
792,-6
793,-8
794,-6
795,-7
796,-7
797,-6
798,-8
799,-10
800,-7
801,-6
802,-7
803,-3
804,1
805,2
806,-3
807,0
808,0
809,2
810,-3
811,-3
812,-3
813,0
814,-3
815,-8
816,-6
817,0
818,6
819,1
820,-3
821,-3
822,0
823,-4
824,-7
825,-12
826,1
827,-2
828,-7
829,-4
830,-6
831,2
832,7
833,-147
834,18
835,-11
836,36
837,64
838,78
839,-75
840,-21
841,26
842,23
843,65
844,35
845,91
846,65
847,36
848,60
849,49
850,7
851,37
852,35
853,23
854,19
855,28
856,20
857,-10
858,-15
859,-38
860,-67
861,-42
862,-55
863,-58
864,-58
865,-50
866,-38
867,-32
868,-42
869,-24
870,-27
871,-20
872,-11
873,-15
874,9
875,18
876,26
877,28
878,57
879,54
880,56
881,47
882,58
883,52
884,43
885,32
886,15
887,19
888,6
889,-7
890,-20
891,-25
892,-36
893,-37
894,-61
895,-59
896,-53
897,-61
898,-46
899,-58
900,-41
901,-24
902,-8
903,-11
904,11
905,24
906,26
907,30
908,11
909,40
910,20
911,52
912,14
913,37
914,40
915,40
916,32
917,2
918,18
919,-10
920,14
921,-31
922,-14
923,-23
924,-16
925,-24
926,-49
927,-25
928,-49
929,-14
930,-58
931,-37
932,-21
933,-19
934,-10
935,-24
936,7
937,-2
938,41
939,1
940,24
941,37
942,40
943,35
944,26
945,44
946,16
947,43
948,19
949,7
950,9
951,3
952,3
953,-20
954,-27
955,-25
956,-20
957,-41
958,-37
959,-32
960,-31
961,-21
962,-31
963,-28
964,-16
965,-3
966,-11
967,-8
968,14
969,15
970,14
971,11
972,20
973,26
974,33
975,22
976,15
977,23
978,28
979,16
980,5
981,7
982,3
983,2
984,-11
985,-12
986,-14
987,-15
988,-20
989,-34
990,-25
991,-21
992,-25
993,-31
994,-23
995,-14
996,-11
997,-11
998,-11
999,2
1000,7
1001,7
1002,10
1003,15
1004,24
1005,23
1006,19
1007,18
1008,23
1009,19
1010,14
1011,10
1012,3
1013,3
1014,0
1015,-11
1016,-11
1017,-11
1018,-15
1019,-23
1020,-25
1021,-19
1022,-262
1023,-11
1024,-51
1025,-37
1026,-21
1027,-2
1028,-62
1029,28
1030,-32
1031,-11
1032,6
1033,14
1034,66
1035,67
1036,60
1037,49
1038,43
1039,32
1040,39
1041,18
1042,24
1043,24
1044,37
1045,32
1046,15
1047,6
1048,-7
1049,-20
1050,-36
1051,-59
1052,-57
1053,-50
1054,-49
1055,-53
1056,-45
1057,-44
1058,-29
1059,-27
1060,-25
1061,-20
1062,-11
1063,-6
1064,-4
1065,5
1066,18
1067,32
1068,33
1069,40
1070,44
1071,49
1072,47
1073,20
1074,36
1075,24
1076,22
1077,7
1078,-2
1079,-3
1080,-8
1081,-12
1082,-27
1083,-33
1084,-34
1085,-38
1086,-49
1087,-49
1088,-45
1089,-42
1090,-38
1091,-33
1092,-19
1093,-10
1094,3
1095,3
1096,19
1097,27
1098,24
1099,19
1100,26
1101,33
1102,36
1103,33
1104,26
1105,30
1106,26
1107,18
1108,9
1109,2
1110,1
1111,-7
1112,-16
1113,-27
1114,-17
1115,-21
1116,-32
1117,-37
1118,-34
1119,-27
1120,-28
1121,-28
1122,-23
1123,-17
1124,-11
1125,-7
1126,-7
1127,3
1128,14
1129,19
1130,23
1131,20
1132,28
1133,35
1134,31
1135,23
1136,19
1137,24
1138,18
1139,7
1140,3
1141,5
1142,1
1143,-11
1144,-21
1145,-19
1146,-19
1147,-27
1148,-33
1149,-33
1150,-27
1151,-24
1152,-31
1153,-25
1154,-11
1155,-7
1156,-6
1157,-11
1158,2
1159,11
1160,13
1161,13
1162,11
1163,20
1164,26
1165,23
1166,16
1167,18
1168,16
1169,18
1170,9
1171,0
1172,3
1173,-2
1174,-8
1175,-14
1176,-14
1177,-11
1178,-21
1179,-32
1180,-25
1181,-20
1182,-20
1183,-25
1184,-21
1185,-12
1186,-10
1187,-11
1188,-12
1189,0
1190,10
1191,9
1192,7
1193,7
1194,20
1195,23
1196,20
1197,-4
1198,-6
1199,0
1200,-16
1201,-24
1202,-28
1203,-7
1204,6
1205,14
1206,11
1207,11
1208,13
1209,-2
1210,-14
1211,-17
1212,-14
1213,-6
1214,-11
1215,-6
1216,3
1217,16
1218,14
1219,7
1220,3
1221,5
1222,-2
1223,-11
1224,-11
1225,-4
1226,2
1227,2
1228,1
1229,5
1230,9
1231,3
1232,-4
1233,-8
1234,-7
1235,-11
1236,-14
1237,-17
1238,-11
1239,-3
1240,-6
1241,-8
1242,1
1243,9
1244,6
1245,-3
1246,-6
1247,5
1248,9
1249,1
1250,-7
1251,6
1252,13
1253,9
1254,0
1255,0
1256,5
1257,5
1258,-7
1259,-15
1260,-7
1261,-6
1262,-7
1263,-11
1264,-11
1265,1
1266,5
1267,1
1268,-2
1269,-2
1270,-3
1271,-6
1272,-6
1273,-8
1274,-7
1275,-7
1276,-4
1277,-4
1278,-3
1279,-2
1280,2
1281,2
1282,3
1283,2
1284,3
1285,0
1286,-6
1287,2
1288,-2
1289,-3
1290,0
1291,-7
1292,-6
1293,-3
1294,-4
1295,-7
1296,-11
1297,-12
1298,-8
1299,-7
1300,-7
1301,-2
1302,0
1303,-2
1304,0
1305,-4
1306,-7
1307,-3
1308,-8
1309,-6
1310,-3
1311,-7
1312,0
1313,-2
1314,-3
1315,5
1316,-28
1317,5
1318,7
1319,-8
1320,-6
1321,5
1322,-11
1323,-11
1324,-10
1325,2
1326,-4
1327,-7
1328,-3
1329,-11
1330,-8
1331,-6
1332,-8
1333,-11
1334,-3
1335,-7
1336,-3
1337,-11
1338,-10
1339,-4
1340,3
1341,3
1342,-3
1343,3
1344,7
1345,5
1346,-2
1347,0
1348,5
1349,0
1350,-2
1351,-4
1352,-4
1353,-3
1354,-6
1355,-3
1356,-3
1357,-4
1358,-3
1359,-3
1360,-8
1361,-11
1362,-10
1363,-8
1364,-7
1365,-6
1366,-7
1367,-3
1368,-2
1369,-4
1370,-6
1371,-2
1372,0
1373,0
1374,0
1375,-4
1376,-4
1377,2
1378,0
1379,-3
1380,-3
1381,6
1382,2
1383,-2
1384,-3
1385,-6
1386,-3
1387,-2
1388,-2
1389,-6
1390,-6
1391,-10
1392,-7
1393,-11
1394,-11
1395,-6
1396,-3
1397,-8
1398,-8
1399,-4
1400,-3
1401,0
1402,-3
1403,-2
1404,0
1405,0
1406,-3
1407,0
1408,-4
1409,5
1410,1
1411,0
1412,-3
1413,-2
1414,1
1415,1
1416,-2
1417,-2
1418,-3
1419,-6
1420,-6
1421,-7
1422,-7
1423,-2
1424,-4
1425,-6
1426,-11
1427,-10
1428,-7
1429,-6
1430,-7
1431,-4
1432,1
1433,0
1434,-2
1435,11
1436,-32
1437,-33
1438,-7
1439,5
1440,18
1441,27
1442,122
1443,-49
1444,-67
1445,-244
1446,-102
1447,11
1448,50
1449,39
1450,71
1451,71
1452,73
1453,39
1454,13
1455,3
1456,5
1457,-16
1458,10
1459,10
1460,28
1461,32
1462,39
1463,14
1464,-4
1465,-10
1466,-32
1467,-42
1468,-46
1469,-50
1470,-46
1471,-32
1472,-32
1473,-15
1474,-10
1475,-11
1476,-11
1477,-11
1478,-14
1479,-11
1480,-11
1481,-7
1482,1
1483,14
1484,22
1485,30
1486,39
1487,39
1488,44
1489,39
1490,27
1491,20
1492,11
1493,7
1494,-2
1495,-11
1496,-8
1497,-7
1498,-11
1499,-16
1500,-17
1501,-21
1502,-29
1503,-37
1504,-45
1505,-44
1506,-32
1507,-25
1508,-12
1509,-2
1510,7
1511,19
1512,20
1513,14
1514,16
1515,22
1516,13
1517,14
1518,14
1519,16
1520,18
1521,22
1522,11
1523,3
1524,9
1525,3
1526,-6
1527,0
1528,-15
1529,-6
1530,-3
1531,-17
1532,-28
1533,-24
1534,-25
1535,-23
1536,-29
1537,-29
1538,-17
1539,-15
1540,-11
1541,-11
1542,-3
1543,7
1544,7
1545,7
1546,14
1547,13
1548,14
1549,11
1550,20
1551,20
1552,18
1553,16
1554,16
1555,6
1556,13
1557,-2
1558,-6
1559,-14
1560,-17
1561,-21
1562,-14
1563,-20
1564,-27
1565,-16
1566,-15
1567,-11
1568,-24
1569,-25
1570,-21
1571,-16
1572,-12
1573,-19
1574,0
1575,-3
1576,2
1577,11
1578,14
1579,14
1580,10
1581,19
1582,7
1583,7
1584,6
1585,10
1586,7
1587,13
1588,0
1589,6
1590,0
1591,-6
1592,-11
1593,-11
1594,-11
1595,-16
1596,-17
1597,-21
1598,-19
1599,-17
1600,-16
1601,-14
1602,-11
1603,-11
1604,-11
1605,-7
1606,-3
1607,2
1608,5
1609,5
1610,6
1611,14
1612,7
1613,10
1614,13
1615,13
1616,9
1617,5
1618,5
1619,1
1620,-3
1621,-3
1622,-8
1623,-4
1624,-11
1625,-15
1626,-11
1627,-14
1628,-15
1629,-16
1630,-14
1631,-11
1632,-12
1633,-11
1634,-11
1635,-11
1636,-2
1637,-2
1638,0
1639,0
1640,7
1641,7
1642,9
1643,7
1644,9
1645,6
1646,13
1647,5
1648,2
1649,6
1650,0
1651,0
1652,-4
1653,-6
1654,-4
1655,-7
1656,-11
1657,-11
1658,-11
1659,-15
1660,-11
1661,-14
1662,-161
1663,-55
1664,-143
1665,-231
1666,98
1667,-6
1668,45
1669,130
1670,47
1671,-11
1672,98
1673,1
1674,70
1675,40
1676,71
1677,62
1678,64
1679,66
1680,70
1681,73
1682,43
1683,0
1684,13
1685,-28
1686,-46
1687,-28
1688,-65
1689,-58
1690,-53
1691,-62
1692,-54
1693,-49
1694,-58
1695,-42
1696,-55
1697,-46
1698,-50
1699,-32
1700,-17
1701,-11
1702,9
1703,20
1704,37
1705,50
1706,52
1707,70
1708,66
1709,60
1710,65
1711,49
1712,40
1713,43
1714,30
1715,28
1716,19
1717,0
1718,-4
1719,-17
1720,-37
1721,-55
1722,-67
1723,-74
1724,-80
1725,-80
1726,-68
1727,-58
1728,-42
1729,-28
1730,-17
1731,-10
1732,3
1733,10
1734,20
1735,28
1736,40
1737,45
1738,43
1739,47
1740,48
1741,41
1742,40
1743,41
1744,33
1745,24
1746,15
1747,5
1748,-3
1749,-11
1750,-19
1751,-27
1752,-36
1753,-38
1754,-38
1755,-49
1756,-41
1757,-46
1758,-48
1759,-48
1760,-40
1761,-28
1762,-23
1763,-11
1764,-11
1765,2
1766,10
1767,26
1768,23
1769,30
1770,40
1771,39
1772,47
1773,35
1774,45
1775,33
1776,30
1777,20
1778,18
1779,5
1780,-6
1781,-16
1782,-20
1783,-32
1784,-37
1785,-40
1786,-40
1787,-42
1788,-38
1789,-32
1790,-32
1791,-27
1792,-20
1793,-17
1794,-11
1795,-4
1796,0
1797,7
1798,16
1799,22
1800,24
1801,28
1802,27
1803,31
1804,30
1805,33
1806,24
1807,26
1808,20
1809,13
1810,3
1811,-2
1812,-6
1813,-11
1814,-16
1815,-25
1816,-25
1817,-29
1818,-31
1819,-36
1820,-37
1821,-28
1822,-25
1823,-23
1824,-17
1825,-14
1826,-7
1827,0
1828,5
1829,9
1830,15
1831,19
1832,24
1833,24
1834,27
1835,26
1836,26
1837,26
1838,16
1839,15
1840,11
1841,9
1842,1
1843,-7
1844,-11
1845,-11
1846,-20
1847,-23
1848,-25
1849,-25
1850,-28
1851,-25
1852,-25
1853,-24
1854,-24
1855,-15
1856,-11
1857,-11
1858,-28
1859,-74
1860,-68
1861,-54
1862,-127
1863,-11
1864,14
1865,69
1866,74
1867,96
1868,113
1869,65
1870,49
1871,44
1872,27
1873,7
1874,16
1875,14
1876,44
1877,40
1878,57
1879,31
1880,9
1881,-4
1882,-31
1883,-48
1884,-61
1885,-74
1886,-63
1887,-57
1888,-45
1889,-28
1890,-21
1891,-23
1892,-16
1893,-21
1894,-21
1895,-23
1896,-15
1897,-10
1898,-3
1899,15
1900,24
1901,44
1902,49
1903,56
1904,58
1905,49
1906,41
1907,39
1908,26
1909,18
1910,11
1911,5
1912,2
1913,-6
1914,-11
1915,-14
1916,-23
1917,-33
1918,-42
1919,-58
1920,-59
1921,-61
1922,-59
1923,-51
1924,-37
1925,-27
1926,-8
1927,6
1928,15
1929,18
1930,22
1931,27
1932,26
1933,26
1934,26
1935,35
1936,33
1937,31
1938,30
1939,26
1940,20
1941,15
1942,9
1943,2
1944,-11
1945,-16
1946,-17
1947,-21
1948,-32
1949,-33
1950,-37
1951,-36
1952,-33
1953,-41
1954,-21
1955,-27
1956,-32
1957,-31
1958,-24
1959,-7
1960,2
1961,-11
1962,24
1963,14
1964,30
1965,28
1966,32
1967,31
1968,36
1969,28
1970,24
1971,23
1972,14
1973,14
1974,3
1975,1
1976,-10
1977,-11
1978,-16
1979,-27
1980,-28
1981,-33
1982,-36
1983,-33
1984,-31
1985,-32
1986,-28
1987,-17
1988,-12
1989,-10
1990,-6
1991,-3
1992,2
1993,5
1994,5
1995,13
1996,16
1997,20
1998,20
1999,24
2000,20
2001,19
2002,22
2003,18
2004,10
2005,5
2006,0
2007,0
2008,-7
2009,-11
2010,-15
2011,-17
2012,-20
2013,-23
2014,-24
2015,-27
2016,-27
2017,-21
2018,-21
2019,-17
2020,-16
2021,-11
2022,-4
2023,-2
2024,2
2025,5
2026,11
2027,18
2028,18
2029,19
2030,19
2031,23
2032,18
2033,14
2034,11
2035,9
2036,7
2037,2
2038,-2
2039,-8
2040,-11
2041,-11
2042,-14
2043,-17
2044,-19
2045,-21
2046,-17
2047,-20
2048,-19
2049,-23
2050,-15
2051,28
2052,-159
2053,-6
2054,1
2055,6
2056,66
2057,67
2058,-138
2059,-112
2060,-40
2061,45
2062,-159
2063,56
2064,49
2065,108
2066,177
2067,129
2068,95
2069,75
2070,1
2071,23
2072,-25
2073,-19
2074,11
2075,19
2076,32
2077,33
2078,33
2079,-6
2080,-28
2081,-46
2082,-80
2083,-76
2084,-76
2085,-88
2086,-59
2087,-48
2088,-29
2089,-10
2090,-7
2091,-7
2092,-6
2093,-8
2094,-3
2095,1
2096,11
2097,20
2098,33
2099,47
2100,50
2101,58
2102,58
2103,58
2104,57
2105,39
2106,23
2107,15
2108,0
2109,-10
2110,-14
2111,-29
2112,-25
2113,-28
2114,-40
2115,-37
2116,-41
2117,-44
2118,-51
2119,-59
2120,-59
2121,-53
2122,-45
2123,-27
2124,-10
2125,7
2126,22
2127,64
2128,39
2129,30
2130,35
2131,45
2132,41
2133,39
2134,40
2135,30
2136,27
2137,22
2138,11
2139,3
2140,-3
2141,-11
2142,-17
2143,-29
2144,-37
2145,-33
2146,-41
2147,-33
2148,-58
2149,-40
2150,-37
2151,-38
2152,-25
2153,-24
2154,-19
2155,-11
2156,-8
2157,-3
2158,14
2159,20
2160,20
2161,28
2162,37
2163,39
2164,40
2165,40
2166,30
2167,32
2168,20
2169,13
2170,6
2171,0
2172,-6
2173,-10
2174,-14
2175,-23
2176,-25
2177,-32
2178,-36
2179,-40
2180,-42
2181,-42
2182,-38
2183,-34
2184,-28
2185,-17
2186,-11
2187,-3
2188,3
2189,7
2190,14
2191,18
2192,20
2193,23
2194,26
2195,27
2196,30
2197,28
2198,22
2199,19
2200,20
2201,14
2202,5
2203,0
2204,-7
2205,-14
2206,-16
2207,-21
2208,-25
2209,-25
2210,-25
2211,-25
2212,-28
2213,-28
2214,-25
2215,-25
2216,-21
2217,-17
2218,-11
2219,-10
2220,3
2221,6
2222,13
2223,19
2224,20
2225,22
2226,22
2227,22
2228,23
2229,20
2230,16
2231,16
2232,10
2233,14
2234,3
2235,-3
2236,-34
2237,-102
2238,-20
2239,-32
2240,-16
2241,287
2242,-100
2243,-38
2244,-197
2245,-59
2246,-11
2247,18
2248,77
2249,99
2250,115
2251,88
2252,47
2253,39
2254,41
2255,9
2256,57
2257,45
2258,56
2259,69
2260,62
2261,73
2262,30
2263,3
2264,-21
2265,-71
2266,-66
2267,-68
2268,-78
2269,-65
2270,-71
2271,-61
2272,-48
2273,-48
2274,-45
2275,-49
2276,-48
2277,-37
2278,-33
2279,-15
2280,-6
2281,15
2282,35
2283,49
2284,60
2285,67
2286,73
2287,79
2288,69
2289,61
2290,61
2291,41
2292,33
2293,23
2294,3
2295,-2
2296,-12
2297,-27
2298,-34
2299,-54
2300,-55
2301,-68
2302,-37
2303,-80
2304,-84
2305,-78
2306,-66
2307,-40
2308,-29
2309,-11
2310,0
2311,11
2312,10
2313,26
2314,32
2315,32
2316,43
2317,48
2318,48
2319,52
2320,50
2321,44
2322,39
2323,32
2324,20
2325,11
2326,2
2327,-11
2328,-12
2329,-24
2330,-31
2331,-40
2332,-48
2333,-48
2334,-49
2335,-50
2336,-49
2337,-48
2338,-37
2339,-34
2340,-27
2341,-19
2342,-8
2343,2
2344,16
2345,20
2346,27
2347,35
2348,44
2349,48
2350,47
2351,45
2352,45
2353,40
2354,32
2355,20
2356,14
2357,7
2358,-4
2359,-11
2360,-19
2361,-25
2362,-31
2363,-40
2364,-45
2365,-53
2366,-49
2367,-46
2368,-44
2369,-32
2370,-28
2371,-19
2372,-16
2373,-12
2374,-3
2375,1
2376,11
2377,15
2378,23
2379,27
2380,33
2381,40
2382,40
2383,39
2384,33
2385,28
2386,26
2387,16
2388,10
2389,0
2390,-6
2391,-11
2392,-19
2393,-21
2394,-31
2395,-32
2396,-34
2397,-36
2398,-38
2399,-40
2400,-34
2401,-29
2402,-25
2403,-21
2404,-11
2405,-3
2406,1
2407,5
2408,14
2409,20
2410,24
2411,28
2412,26
2413,28
2414,28
2415,26
2416,24
2417,19
2418,15
2419,10
2420,2
2421,-2
2422,-11
2423,-14
2424,-15
2425,-21
2426,-29
2427,-34
2428,-32
2429,-27
2430,30
2431,-305
2432,-20
2433,-24
2434,2
2435,78
2436,121
2437,-65
2438,45
2439,14
2440,-21
2441,22
2442,-2
2443,146
2444,128
2445,220
2446,149
2447,129
2448,74
2449,66
2450,-3
2451,7
2452,-21
2453,31
2454,6
2455,39
2456,43
2457,-19
2458,-28
2459,-49
2460,-121
2461,-92
2462,-125
2463,-131
2464,-101
2465,-100
2466,-70
2467,-38
2468,-23
2469,-21
2470,-8
2471,-3
2472,5
2473,15
2474,28
2475,32
2476,62
2477,71
2478,78
2479,92
2480,87
2481,86
2482,88
2483,66
2484,54
2485,35
2486,5
2487,-4
2488,-17
2489,-42
2490,-51
2491,-66
2492,-68
2493,-72
2494,-75
2495,-76
2496,-79
2497,-79
2498,-80
2499,-79
2500,-55
2501,-54
2502,-14
2503,7
2504,18
2505,39
2506,49
2507,62
2508,66
2509,67
2510,65
2511,66
2512,61
2513,57
2514,49
2515,32
2516,24
2517,14
2518,2
2519,-12
2520,-21
2521,-33
2522,-41
2523,-54
2524,-59
2525,-66
2526,-65
2527,-67
2528,-63
2529,-59
2530,-48
2531,-37
2532,-28
2533,-19
2534,-11
2535,3
2536,18
2537,24
2538,37
2539,43
2540,52
2541,54
2542,57
2543,57
2544,50
2545,49
2546,43
2547,32
2548,18
2549,9
2550,-4
2551,-11
2552,-24
2553,-33
2554,-37
2555,-42
2556,-46
2557,-57
2558,-58
2559,-58
2560,-58
2561,-54
2562,-45
2563,-34
2564,-24
2565,-11
2566,-3
2567,10
2568,20
2569,28
2570,33
2571,35
2572,43
2573,43
2574,44
2575,40
2576,39
2577,36
2578,28
2579,20
2580,13
2581,2
2582,-7
2583,-12
2584,-21
2585,-31
2586,-37
2587,-38
2588,-46
2589,-45
2590,-46
2591,-41
2592,-37
2593,-37
2594,-34
2595,-24
2596,-17
2597,-11
2598,-4
2599,5
2600,16
2601,24
2602,28
2603,33
2604,36
2605,41
2606,36
2607,33
2608,33
2609,24
2610,23
2611,16
2612,7
2613,-2
2614,-8
2615,-12
2616,-20
2617,-28
2618,-37
2619,-38
2620,-37
2621,-42
2622,-40
2623,-36
2624,-28
2625,-25
2626,-21
2627,-241
2628,7
2629,11
2630,-412
2631,-11
2632,48
2633,-153
2634,209
2635,58
2636,86
2637,129
2638,83
2639,134
2640,112
2641,71
2642,86
2643,66
2644,40
2645,60
2646,52
2647,40
2648,-14
2649,23
2650,-21
2651,-62
2652,-62
2653,-102
2654,-118
2655,-101
2656,-114
2657,-101
2658,-87
2659,-80
2660,-62
2661,-51
2662,-46
2663,-34
2664,-24
2665,-12
2666,-4
2667,24
2668,39
2669,56
2670,77
2671,81
2672,103
2673,100
2674,79
2675,91
2676,75
2677,58
2678,58
2679,31
2680,18
2681,14
2682,-11
2683,-21
2684,-38
2685,-58
2686,-71
2687,-87
2688,-96
2689,-105
2690,-105
2691,-97
2692,-85
2693,-70
2694,-16
2695,-31
2696,-16
2697,5
2698,18
2699,39
2700,54
2701,67
2702,62
2703,65
2704,65
2705,71
2706,61
2707,50
2708,47
2709,39
2710,32
2711,15
2712,2
2713,-10
2714,-21
2715,-33
2716,-49
2717,-55
2718,-63
2719,-63
2720,-67
2721,-63
2722,-63
2723,-58
2724,-50
2725,-41
2726,-34
2727,-24
2728,-11
2729,-2
2730,15
2731,24
2732,41
2733,48
2734,52
2735,58
2736,60
2737,58
2738,56
2739,48
2740,41
2741,32
2742,24
2743,15
2744,0
2745,-11
2746,-16
2747,-33
2748,-42
2749,-53
2750,-63
2751,-63
2752,-63
2753,-61
2754,-62
2755,-50
2756,-44
2757,-25
2758,-21
2759,-10
2760,2
2761,9
2762,20
2763,26
2764,31
2765,39
2766,43
2767,43
2768,47
2769,48
2770,40
2771,37
2772,28
2773,20
2774,16
2775,5
2776,-6
2777,-12
2778,-20
2779,-25
2780,-32
2781,-42
2782,-48
2783,-46
2784,-42
2785,-48
2786,-45
2787,-41
2788,-32
2789,-28
2790,-17
2791,-11
2792,-4
2793,7
2794,11
2795,20
2796,26
2797,33
2798,35
2799,39
2800,37
2801,35
2802,28
2803,30
2804,24
2805,13
2806,6
2807,2
2808,-4
2809,-14
2810,-309
2811,-63
2812,-76
2813,-54
2814,-228
2815,-24
2816,-11
2817,78
2818,20
2819,22
2820,78
2821,35
2822,151
2823,92
2824,87
2825,62
2826,99
2827,54
2828,87
2829,74
2830,99
2831,56
2832,66
2833,61
2834,2
2835,0
2836,-27
2837,-84
2838,-82
2839,-101
2840,-102
2841,-83
2842,-102
2843,-95
2844,-84
2845,-83
2846,-79
2847,-74
2848,-68
2849,-54
2850,-38
2851,-12
2852,1
2853,23
2854,43
2855,70
2856,91
2857,90
2858,92
2859,105
2860,88
2861,91
2862,79
2863,65
2864,62
2865,44
2866,24
2867,9
2868,-12
2869,-34
2870,-53
2871,-74
2872,-91
2873,-105
2874,-104
2875,-116
2876,-105
2877,-100
2878,-84
2879,-63
2880,-41
2881,-17
2882,2
2883,19
2884,24
2885,39
2886,45
2887,54
2888,66
2889,64
2890,71
2891,74
2892,67
2893,66
2894,54
2895,43
2896,23
2897,13
2898,1
2899,-11
2900,-25
2901,-36
2902,-42
2903,-51
2904,-59
2905,-66
2906,-70
2907,-70
2908,-66
2909,-65
2910,-62
2911,-44
2912,-33
2913,-21
2914,-11
2915,0
2916,14
2917,30
2918,41
2919,49
2920,49
2921,61
2922,62
2923,61
2924,58
2925,54
2926,50
2927,36
2928,26
2929,13
2930,0
2931,-11
2932,-24
2933,-38
2934,-53
2935,-55
2936,-63
2937,-67
2938,-66
2939,-65
2940,-54
2941,-53
2942,-42
2943,-34
2944,-24
2945,-14
2946,-4
2947,5
2948,14
2949,26
2950,35
2951,40
2952,45
2953,49
2954,52
2955,48
2956,45
2957,39
2958,32
2959,26
2960,14
2961,5
2962,-7
2963,-11
2964,-17
2965,-32
2966,-36
2967,-44
2968,-49
2969,-46
2970,-49
2971,-54
2972,-50
2973,-40
2974,-36
2975,-28
2976,-19
2977,-11
2978,1
2979,7
2980,16
2981,24
2982,32
2983,37
2984,41
2985,43
2986,41
2987,43
2988,39
2989,30
2990,23
2991,14
2992,7
2993,0
2994,-11
2995,-21
2996,-23
2997,-27
2998,-36
2999,-41
3000,-40
3001,-41
3002,-38
3003,-40
3004,-36
3005,-31
3006,-23
3007,-16
3008,-15
3009,-8
3010,5
3011,11
3012,16
3013,23
3014,24
3015,33
3016,-221
3017,116
3018,-181
3019,-99
3020,78
3021,66
3022,66
3023,57
3024,54
3025,154
3026,118
3027,-53
3028,26
3029,-96
3030,65
3031,69
3032,20
3033,61
3034,53
3035,40
3036,0
3037,-21
3038,-32
3039,-70
3040,-59
3041,-58
3042,-59
3043,-37
3044,-29
3045,-31
3046,-10
3047,-27
3048,-23
3049,-19
3050,-34
3051,-38
3052,-23
3053,-14
3054,-11
3055,16
3056,19
3057,30
3058,48
3059,44
3060,40
3061,49
3062,33
3063,30
3064,26
3065,9
3066,18
3067,15
3068,7
3069,18
3070,-3
3071,-11
3072,-12
3073,-31
3074,-44
3075,-50
3076,-62
3077,-62
3078,-62
3079,-57
3080,-38
3081,-19
3082,-11
3083,-4
3084,2
3085,5
3086,9
3087,13
3088,18
3089,30
3090,20
3091,26
3092,22
3093,24
3094,19
3095,15
3096,18
3097,13
3098,9
3099,5
3100,-11
3101,-7
3102,-14
3103,-36
3104,-32
3105,-24
3106,-28
3107,-28
3108,-27
3109,-25
3110,-24
3111,-29
3112,-32
3113,-21
3114,-17
3115,-11
3116,-7
3117,2
3118,9
3119,15
3120,20
3121,20
3122,20
3123,24
3124,26
3125,20
3126,20
3127,16
3128,19
3129,13
3130,7
3131,3
3132,-2
3133,-8
3134,-12
3135,-23
3136,-31
3137,-28
3138,-32
3139,-34
3140,-33
3141,-29
3142,-21
3143,-17
3144,-12
3145,-11
3146,-8
3147,-7
3148,1
3149,1
3150,3
3151,11
3152,15
3153,19
3154,19
3155,18
3156,20
3157,19
3158,16
3159,14
3160,7
3161,6
3162,0
3163,-6
3164,-11
3165,-11
3166,-12
3167,-16
3168,-15
3169,-25
3170,-21
3171,-21
3172,-23
3173,-25
3174,-23
3175,-19
3176,-15
3177,-11
3178,-6
3179,-2
3180,5
3181,7
3182,5
3183,9
3184,14
3185,14
3186,15
3187,16
3188,14
3189,16
3190,13
3191,13
3192,3
3193,-3
3194,-3
3195,-11
3196,-11
3197,-15
3198,-17
3199,-15
3200,-16
3201,-21
3202,-20
3203,-17
3204,-16
3205,-228
3206,-37
3207,-29
3208,-4
3209,67
3210,61
3211,-165
3212,113
3213,-44
3214,-44
3215,19
3216,160
3217,-79
3218,74
3219,26
3220,94
3221,111
3222,75
3223,66
3224,49
3225,44
3226,9
3227,-6
3228,0
3229,-7
3230,18
3231,9
3232,-23
3233,-8
3234,-37
3235,-45
3236,-41
3237,-83
3238,-75
3239,-72
3240,-70
3241,-57
3242,-42
3243,-33
3244,-16
3245,-11
3246,1
3247,10
3248,11
3249,11
3250,20
3251,23
3252,30
3253,35
3254,41
3255,40
3256,53
3257,50
3258,41
3259,40
3260,22
3261,7
3262,0
3263,-14
3264,-29
3265,-32
3266,-40
3267,-40
3268,-42
3269,-38
3270,-40
3271,-34
3272,-45
3273,-42
3274,-50
3275,-42
3276,-29
3277,-15
3278,-2
3279,7
3280,18
3281,24
3282,32
3283,37
3284,49
3285,43
3286,43
3287,36
3288,28
3289,26
3290,19
3291,14
3292,9
3293,-3
3294,-8
3295,-11
3296,-23
3297,-28
3298,-32
3299,-32
3300,-42
3301,-42
3302,-28
3303,-40
3304,-32
3305,-28
3306,-24
3307,-24
3308,-15
3309,-6
3310,-3
3311,5
3312,9
3313,18
3314,24
3315,27
3316,30
3317,32
3318,35
3319,30
3320,31
3321,19
3322,16
3323,13
3324,3
3325,-6
3326,-12
3327,-14
3328,-16
3329,-21
3330,-25
3331,-31
3332,-28
3333,-34
3334,-37
3335,-36
3336,-34
3337,-24
3338,-20
3339,-14
3340,-10
3341,-2
3342,3
3343,10
3344,9
3345,14
3346,20
3347,19
3348,26
3349,24
3350,20
3351,24
3352,20
3353,19
3354,13
3355,5
3356,5
3357,-2
3358,-7
3359,-15
3360,-17
3361,-19
3362,-23
3363,-28
3364,-28
3365,-28
3366,-25
3367,-21
3368,-24
3369,-23
3370,-15
3371,-11
3372,-10
3373,-2
3374,5
3375,7
3376,13
3377,15
3378,15
3379,18
3380,23
3381,22
3382,18
3383,14
3384,13
3385,10
3386,7
3387,0
3388,-6
3389,107
3390,-134
3391,-14
3392,-11
3393,-19
3394,39
3395,52
3396,31
3397,339
3398,24
3399,-55
3400,-168
3401,-33
3402,18
3403,67
3404,139
3405,33
3406,73
3407,101
3408,50
3409,82
3410,44
3411,35
3412,44
3413,39
3414,44
3415,56
3416,39
3417,56
3418,1
3419,10
3420,-11
3421,-48
3422,-44
3423,-72
3424,-83
3425,-66
3426,-78
3427,-65
3428,-50
3429,-50
3430,-41
3431,-36
3432,-25
3433,-16
3434,-17
3435,-3
3436,-4
3437,10
3438,26
3439,35
3440,52
3441,53
3442,67
3443,75
3444,61
3445,60
3446,49
3447,27
3448,28
3449,6
3450,-6
3451,-11
3452,-19
3453,-15
3454,-21
3455,-31
3456,-40
3457,-55
3458,-65
3459,-75
3460,-78
3461,-71
3462,-82
3463,-41
3464,-29
3465,-11
3466,-11
3467,6
3468,7
3469,31
3470,33
3471,39
3472,41
3473,45
3474,45
3475,43
3476,39
3477,35
3478,31
3479,23
3480,15
3481,9
3482,3
3483,-11
3484,-15
3485,-29
3486,-36
3487,-36
3488,-41
3489,-42
3490,-46
3491,-42
3492,-40
3493,-40
3494,-37
3495,-31
3496,-21
3497,-14
3498,-10
3499,2
3500,9
3501,16
3502,27
3503,33
3504,36
3505,40
3506,40
3507,37
3508,32
3509,28
3510,26
3511,15
3512,11
3513,5
3514,-2
3515,-7
3516,-11
3517,-23
3518,-33
3519,-36
3520,-44
3521,-42
3522,-45
3523,-42
3524,-37
3525,-34
3526,-27
3527,-20
3528,-14
3529,-7
3530,-2
3531,3
3532,9
3533,19
3534,20
3535,28
3536,28
3537,31
3538,30
3539,30
3540,30
3541,23
3542,20
3543,11
3544,6
3545,-3
3546,-7
3547,-14
3548,-17
3549,-17
3550,-28
3551,-28
3552,-29
3553,-33
3554,-34
3555,-34
3556,-32
3557,-25
3558,-19
3559,-14
3560,-11
3561,-4
3562,3
3563,6
3564,7
3565,14
3566,20
3567,20
3568,24
3569,28
3570,20
3571,24
3572,18
3573,16
3574,13
3575,3
3576,-101
3577,-17
3578,7
3579,-29
3580,77
3581,31
3582,-62
3583,-75
3584,-3
3585,-125
3586,30
3587,87
3588,23
3589,9
3590,108
3591,45
3592,132
3593,44
3594,54
3595,47
3596,35
3597,-32
3598,37
3599,28
3600,45
3601,77
3602,52
3603,16
3604,5
3605,-14
3606,-45
3607,-61
3608,-78
3609,-84
3610,-85
3611,-70
3612,-70
3613,-48
3614,-46
3615,-45
3616,-37
3617,-28
3618,-31
3619,-14
3620,-17
3621,2
3622,13
3623,20
3624,40
3625,57
3626,60
3627,73
3628,74
3629,66
3630,64
3631,47
3632,30
3633,20
3634,9
3635,-10
3636,-15
3637,-19
3638,-28
3639,-31
3640,-38
3641,-14
3642,-53
3643,-63
3644,-80
3645,-79
3646,-70
3647,-53
3648,-37
3649,-23
3650,-6
3651,5
3652,14
3653,24
3654,33
3655,33
3656,41
3657,43
3658,41
3659,44
3660,44
3661,40
3662,37
3663,31
3664,19
3665,16
3666,6
3667,-2
3668,-11
3669,-23
3670,-31
3671,-36
3672,-45
3673,-46
3674,-49
3675,-41
3676,-42
3677,-44
3678,-37
3679,-37
3680,-28
3681,-19
3682,-11
3683,-3
3684,6
3685,16
3686,23
3687,32
3688,36
3689,40
3690,41
3691,41
3692,37
3693,31
3694,28
3695,23
3696,14
3697,9
3698,-2
3699,-8
3700,-14
3701,-23
3702,-28
3703,-34
3704,-41
3705,-42
3706,-49
3707,-49
3708,-44
3709,-36
3710,-28
3711,-24
3712,-16
3713,-11
3714,-7
3715,3
3716,10
3717,10
3718,22
3719,26
3720,31
3721,30
3722,35
3723,33
3724,35
3725,30
3726,24
3727,16
3728,13
3729,2
3730,0
3731,-8
3732,-15
3733,-20
3734,-24
3735,-31
3736,-34
3737,-34
3738,-33
3739,-33
3740,-33
3741,-31
3742,-23
3743,-17
3744,-11
3745,-11
3746,-3
3747,5
3748,13
3749,16
3750,20
3751,24
3752,27
3753,26
3754,-168
3755,-66
3756,13
3757,5
3758,71
3759,67
3760,57
3761,20
3762,-11
3763,210
3764,83
3765,-110
3766,-89
3767,-539
3768,-122
3769,129
3770,45
3771,40
3772,78
3773,67
3774,5
3775,2
3776,-3
3777,31
3778,16
3779,33
3780,67
3781,33
3782,62
3783,44
3784,22
3785,13
3786,-12
3787,-34
3788,-46
3789,-59
3790,-45
3791,-41
3792,-41
3793,-41
3794,-25
3795,-29
3796,-32
3797,-33
3798,-32
3799,-28
3800,-24
3801,-27
3802,-12
3803,-4
3804,11
3805,26
3806,37
3807,41
3808,54
3809,47
3810,43
3811,40
3812,31
3813,24
3814,19
3815,7
3816,11
3817,10
3818,6
3819,3
3820,-4
3821,-16
3822,-33
3823,-51
3824,-57
3825,-59
3826,-63
3827,-46
3828,-45
3829,-34
3830,-31
3831,-15
3832,20
3833,-2
3834,1
3835,14
3836,18
3837,23
3838,27
3839,26
3840,28
3841,27
3842,26
3843,27
3844,22
3845,20
3846,16
3847,13
3848,11
3849,0
3850,-8
3851,-11
3852,-19
3853,-24
3854,-27
3855,-24
3856,-28
3857,-32
3858,-33
3859,-32
3860,-25
3861,-28
3862,-23
3863,-19
3864,-10
3865,-4
3866,3
3867,7
3868,14
3869,27
3870,27
3871,26
3872,24
3873,30
3874,27
3875,23
3876,18
3877,16
3878,16
3879,10
3880,2
3881,-4
3882,-8
3883,-12
3884,-19
3885,-24
3886,-31
3887,-32
3888,-29
3889,-29
3890,-29
3891,-25
3892,-16
3893,-12
3894,-11
3895,-8
3896,-3
3897,3
3898,7
3899,7
3900,9
3901,14
3902,19
3903,23
3904,20
3905,24
3906,24
3907,19
3908,14
3909,10
3910,2
3911,2
3912,0
3913,-7
3914,-11
3915,-12
3916,-11
3917,-16
3918,-23
3919,-21
3920,-25
3921,-23
3922,-24
3923,-25
3924,-19
3925,-11
3926,-11
3927,-6
3928,1
3929,3
3930,-309
3931,-79
3932,2
3933,-15
3934,57
3935,71
3936,91
3937,60
3938,27
3939,11
3940,2
3941,-19
3942,-308
3943,-74
3944,-11
3945,-58
3946,159
3947,112
3948,52
3949,19
3950,56
3951,0
3952,28
3953,-14
3954,-7
3955,1
3956,14
3957,-2
3958,45
3959,33
3960,45
3961,44
3962,13
3963,-4
3964,-17
3965,-25
3966,-33
3967,-40
3968,-21
3969,-28
3970,-23
3971,-12
3972,-14
3973,-14
3974,-19
3975,-27
3976,-25
3977,-27
3978,-32
3979,-21
3980,-21
3981,-6
3982,1
3983,15
3984,20
3985,24
3986,28
3987,26
3988,23
3989,15
3990,13
3991,11
3992,15
3993,7
3994,18
3995,18
3996,2
3997,6
3998,-7
3999,-16
4000,-12
4001,-34
4002,-36
4003,-44
4004,-42
4005,-42
4006,-36
4007,-23
4008,-19
4009,-14
4010,-7
4011,-2
4012,1
4013,6
4014,15
4015,14
4016,18
4017,13
4018,19
4019,16
4020,16
4021,15
4022,11
4023,16
4024,11
4025,9
4026,0
4027,0
4028,-2
4029,-3
4030,-11
4031,-14
4032,-15
4033,-14
4034,-17
4035,-21
4036,-21
4037,-21
4038,-24
4039,-20
4040,-16
4041,-16
4042,-11
4043,-6
4044,-2
4045,6
4046,11
4047,16
4048,16
4049,14
4050,18
4051,14
4052,15
4053,13
4054,14
4055,14
4056,16
4057,13
4058,3
4059,-3
4060,-11
4061,-11
4062,-12
4063,-20
4064,-21
4065,-24
4066,-20
4067,-20
4068,-17
4069,-16
4070,-15
4071,-11
4072,-10
4073,-6
4074,-6
4075,-2
4076,2
4077,1
4078,7
4079,7
4080,15
4081,14
4082,14
4083,15
4084,14
4085,15
4086,10
4087,7
4088,5
4089,0
4090,0
4091,-3
4092,-7
4093,-11
4094,-11
4095,-12
4096,-16
4097,-16
4098,-17
4099,-15
4100,-14
4101,-14
4102,-16
4103,-11
4104,-7
4105,-4
4106,-2
4107,-2
4108,0
4109,5
4110,10
4111,7
4112,7
4113,10
4114,22
4115,-146
4116,27
4117,14
4118,45
4119,78
4120,88
4121,26
4122,-10
4123,-15
4124,-24
4125,-92
4126,-200
4127,-71
4128,-48
4129,-63
4130,141
4131,98
4132,41
4133,94
4134,48
4135,70
4136,14
4137,0
4138,15
4139,19
4140,11
4141,35
4142,43
4143,54
4144,50
4145,47
4146,15
4147,-23
4148,-21
4149,-53
4150,-67
4151,-61
4152,-59
4153,-51
4154,-40
4155,-38
4156,-21
4157,-19
4158,-27
4159,-33
4160,-25
4161,-33
4162,-33
4163,-21
4164,-11
4165,5
4166,23
4167,32
4168,45
4169,52
4170,52
4171,50
4172,44
4173,28
4174,28
4175,19
4176,13
4177,16
4178,15
4179,16
4180,13
4181,-4
4182,-15
4183,-28
4184,-40
4185,-49
4186,-61
4187,-67
4188,-70
4189,-59
4190,-50
4191,-33
4192,-20
4193,-10
4194,3
4195,9
4196,13
4197,24
4198,33
4199,35
4200,33
4201,32
4202,35
4203,30
4204,30
4205,24
4206,23
4207,20
4208,13
4209,3
4210,-4
4211,-11
4212,-11
4213,-16
4214,-25
4215,-28
4216,-27
4217,-29
4218,-28
4219,-31
4220,-32
4221,-28
4222,-27
4223,-25
4224,-21
4225,-15
4226,-4
4227,1
4228,10
4229,16
4230,24
4231,28
4232,32
4233,30
4234,27
4235,24
4236,22
4237,20
4238,15
4239,14
4240,15
4241,7
4242,0
4243,-8
4244,-16
4245,-21
4246,-25
4247,-28
4248,-33
4249,-34
4250,-33
4251,-31
4252,-23
4253,-17
4254,-11
4255,-11
4256,-8
4257,-4
4258,-2
4259,7
4260,10
4261,11
4262,16
4263,24
4264,24
4265,27
4266,22
4267,20
4268,19
4269,14
4270,11
4271,5
4272,3
4273,0
4274,-7
4275,-7
4276,-11
4277,-14
4278,-16
4279,-19
4280,-24
4281,-29
4282,-28
4283,-23
4284,-23
4285,-21
4286,-19
4287,-11
4288,-8
4289,-3
4290,3
4291,9
4292,16
4293,13
4294,16
4295,-82
4296,35
4297,18
4298,26
4299,70
4300,88
4301,61
4302,22
4303,-3
4304,-29
4305,-19
4306,113
4307,-45
4308,-58
4309,-92
4310,209
4311,107
4312,57
4313,56
4314,52
4315,40
4316,-54
4317,-2
4318,-14
4319,5
4320,3
4321,60
4322,45
4323,67
4324,64
4325,58
4326,-2
4327,-12
4328,-32
4329,-63
4330,-50
4331,-42
4332,-51
4333,-28
4334,-19
4335,-17
4336,-7
4337,-16
4338,-32
4339,-28
4340,-28
4341,-38
4342,-29
4343,-23
4344,-7
4345,5
4346,26
4347,27
4348,44
4349,40
4350,44
4351,39
4352,26
4353,23
4354,18
4355,9
4356,7
4357,11
4358,14
4359,13
4360,7
4361,-2
4362,-28
4363,-23
4364,-38
4365,-50
4366,-54
4367,-55
4368,-51
4369,-44
4370,-23
4371,-23
4372,-4
4373,-2
4374,9
4375,7
4376,16
4377,23
4378,23
4379,24
4380,26
4381,23
4382,23
4383,19
4384,18
4385,16
4386,20
4387,18
4388,9
4389,3
4390,-3
4391,-7
4392,-11
4393,-16
4394,-21
4395,-20
4396,-17
4397,-21
4398,-24
4399,-24
4400,-23
4401,-21
4402,-19
4403,-20
4404,-17
4405,-11
4406,-6
4407,1
4408,9
4409,15
4410,24
4411,24
4412,23
4413,23
4414,19
4415,23
4416,18
4417,16
4418,14
4419,9
4420,7
4421,5
4422,0
4423,-10
4424,-11
4425,-17
4426,-24
4427,-27
4428,-33
4429,-28
4430,-27
4431,-25
4432,-21
4433,-15
4434,-11
4435,-10
4436,-6
4437,-3
4438,1
4439,3
4440,6
4441,7
4442,11
4443,16
4444,15
4445,20
4446,14
4447,16
4448,18
4449,11
4450,9
4451,2
4452,1
4453,-2
4454,-6
4455,-10
4456,-11
4457,-11
4458,-12
4459,-19
4460,-23
4461,-21
4462,-21
4463,-20
4464,-17
4465,-15
4466,-11
4467,-7
4468,-6
4469,1
4470,1
4471,9
4472,10
4473,10
4474,15
4475,16
4476,15
4477,14
4478,13
4479,10
4480,10
4481,9
4482,5
4483,5
4484,-114
4485,-50
4486,-20
4487,5
4488,30
4489,53
4490,54
4491,15
4492,-11
4493,-21
4494,-538
4495,-136
4496,-28
4497,-220
4498,107
4499,69
4500,82
4501,116
4502,98
4503,108
4504,83
4505,23
4506,37
4507,6
4508,0
4509,35
4510,35
4511,60
4512,50
4513,65
4514,33
4515,-10
4516,-23
4517,-67
4518,-87
4519,-91
4520,-97
4521,-87
4522,-78
4523,-57
4524,-31
4525,-29
4526,-25
4527,-27
4528,-31
4529,-21
4530,-32
4531,-19
4532,-6
4533,2
4534,30
4535,41
4536,62
4537,74
4538,70
4539,74
4540,64
4541,43
4542,41
4543,23
4544,7
4545,7
4546,5
4547,1
4548,-3
4549,-11
4550,-15
4551,-24
4552,-45
4553,-58
4554,-76
4555,-80
4556,-68
4557,-70
4558,-54
4559,-42
4560,-23
4561,-11
4562,6
4563,15
4564,36
4565,33
4566,40
4567,44
4568,47
4569,52
4570,47
4571,43
4572,39
4573,31
4574,24
4575,15
4576,6
4577,1
4578,-7
4579,-15
4580,-24
4581,-29
4582,-37
4583,-41
4584,-42
4585,-44
4586,-42
4587,-42
4588,-40
4589,-31
4590,-28
4591,-23
4592,-16
4593,-11
4594,0
4595,7
4596,11
4597,23
4598,32
4599,39
4600,40
4601,41
4602,37
4603,40
4604,32
4605,26
4606,16
4607,13
4608,6
4609,3
4610,-3
4611,-11
4612,-16
4613,-21
4614,-34
4615,-41
4616,-46
4617,-49
4618,-45
4619,-41
4620,-34
4621,-28
4622,-19
4623,-11
4624,-2
4625,2
4626,7
4627,13
4628,18
4629,20
4630,23
4631,26
4632,33
4633,30
4634,33
4635,28
4636,24
4637,24
4638,11
4639,5
4640,-2
4641,-10
4642,-11
4643,-15
4644,-17
4645,-21
4646,-23
4647,-29
4648,-31
4649,-34
4650,-36
4651,-27
4652,-25
4653,-21
4654,-20
4655,-11
4656,-7
4657,2
4658,6
4659,11
4660,15
4661,19
4662,23
4663,23
4664,24
4665,26
4666,22
4667,22
4668,16
4669,10
4670,14
4671,2
4672,-4
4673,-11
4674,-15
4675,-17
4676,-17
4677,-110
4678,-76
4679,-50
4680,-16
4681,9
4682,36
4683,39
4684,-240
4685,-12
4686,2
4687,-121
4688,-23
4689,167
4690,137
4691,91
4692,26
4693,117
4694,78
4695,109
4696,96
4697,47
4698,43
4699,30
4700,16
4701,45
4702,24
4703,43
4704,28
4705,0
4706,-6
4707,-37
4708,-45
4709,-65
4710,-92
4711,-93
4712,-95
4713,-88
4714,-62
4715,-62
4716,-45
4717,-37
4718,-27
4719,-11
4720,-10
4721,-6
4722,7
4723,18
4724,31
4725,37
4726,49
4727,60
4728,67
4729,78
4730,77
4731,65
4732,56
4733,45
4734,35
4735,16
4736,-7
4737,-11
4738,-20
4739,-32
4740,-34
4741,-40
4742,-42
4743,-50
4744,-62
4745,-67
4746,-75
4747,-76
4748,-67
4749,-58
4750,-32
4751,-16
4752,-11
4753,14
4754,15
4755,36
4756,35
4757,41
4758,60
4759,43
4760,49
4761,135
4762,40
4763,36
4764,32
4765,24
4766,18
4767,6
4768,0
4769,-11
4770,-20
4771,-29
4772,-31
4773,-41
4774,-46
4775,-49
4776,-46
4777,-45
4778,-42
4779,-40
4780,-37
4781,-29
4782,-21
4783,-11
4784,-7
4785,6
4786,10
4787,22
4788,30
4789,35
4790,39
4791,44
4792,43
4793,44
4794,40
4795,30
4796,28
4797,18
4798,10
4799,-2
4800,-8
4801,-11
4802,-20
4803,-23
4804,-29
4805,-42
4806,-38
4807,-46
4808,-45
4809,-49
4810,-42
4811,-36
4812,-24
4813,-20
4814,-11
4815,-3
4816,5
4817,11
4818,15
4819,18
4820,28
4821,28
4822,30
4823,33
4824,32
4825,30
4826,27
4827,26
4828,18
4829,10
4830,7
4831,-2
4832,-11
4833,-16
4834,-24
4835,-24
4836,-28
4837,-32
4838,-32
4839,-32
4840,-31
4841,-29
4842,-31
4843,-24
4844,-21
4845,-11
4846,-11
4847,0
4848,5
4849,14
4850,20
4851,22
4852,24
4853,24
4854,26
4855,31
4856,24
4857,23
4858,-297
4859,7
4860,1
4861,11
4862,87
4863,64
4864,77
4865,11
4866,-25
4867,-433
4868,-122
4869,-108
4870,-740
4871,-181
4872,69
4873,79
4874,113
4875,125
4876,92
4877,74
4878,9
4879,20
4880,0
4881,-7
4882,2
4883,69
4884,70
4885,83
4886,79
4887,60
4888,11
4889,0
4890,-45
4891,-83
4892,-80
4893,-72
4894,-78
4895,-53
4896,-54
4897,-36
4898,-21
4899,-33
4900,-36
4901,-40
4902,-53
4903,-38
4904,-33
4905,-21
4906,-11
4907,7
4908,33
4909,50
4910,67
4911,64
4912,71
4913,66
4914,49
4915,45
4916,30
4917,14
4918,14
4919,15
4920,5
4921,6
4922,2
4923,0
4924,-11
4925,-37
4926,-53
4927,-89
4928,-67
4929,-84
4930,-78
4931,-55
4932,-44
4933,-27
4934,-14
4935,-11
4936,-4
4937,5
4938,22
4939,32
4940,33
4941,35
4942,40
4943,44
4944,45
4945,39
4946,31
4947,37
4948,30
4949,18
4950,16
4951,3
4952,-8
4953,-11
4954,-19
4955,-27
4956,-36
4957,-37
4958,-40
4959,-38
4960,-38
4961,-40
4962,-38
4963,-37
4964,-29
4965,-28
4966,-21
4967,-11
4968,-2
4969,9
4970,16
4971,26
4972,30
4973,39
4974,39
4975,40
4976,36
4977,33
4978,28
4979,23
4980,18
4981,11
4982,7
4983,6
4984,-2
4985,-11
4986,-19
4987,-28
4988,-34
4989,-38
4990,-49
4991,-44
4992,-45
4993,-34
4994,-32
4995,-24
4996,-16
4997,-11
4998,-4
4999,1
5000,7
5001,9
5002,16
5003,22
5004,24
5005,28
5006,27
5007,32
5008,32
5009,27
5010,28
5011,19
5012,13
5013,7
5014,-2
5015,-10
5016,-11
5017,-16
5018,-16
5019,-20
5020,-25
5021,-28
5022,-32
5023,-33
5024,-32
5025,-32
5026,-28
5027,-24
5028,-14
5029,-11
5030,-3
5031,0
5032,6
5033,16
5034,20
5035,20
5036,19
5037,24
5038,26
5039,23
5040,20
5041,20
5042,16
5043,18
5044,10
5045,2
5046,-4
5047,-10
5048,-11
5049,-19
5050,-23
5051,-24
5052,-29
5053,-160
5054,-4
5055,-36
5056,-3
5057,24
5058,352
5059,180
5060,-42
5061,-87
5062,-125
5063,-112
5064,86
5065,24
5066,87
5067,116
5068,154
5069,75
5070,90
5071,69
5072,66
5073,18
5074,10
5075,14
5076,7
5077,35
5078,20
5079,-4
5080,-14
5081,-32
5082,-63
5083,-76
5084,-100
5085,-104
5086,-99
5087,-82
5088,-79
5089,-49
5090,-37
5091,-29
5092,-11
5093,0
5094,-2
5095,9
5096,14
5097,30
5098,43
5099,47
5100,57
5101,65
5102,74
5103,78
5104,73
5105,62
5106,52
5107,40
5108,23
5109,3
5110,-11
5111,-28
5112,-36
5113,-46
5114,-62
5115,-65
5116,-54
5117,-58
5118,-65
5119,-59
5120,-63
5121,-65
5122,-53
5123,-40
5124,-17
5125,-6
5126,7
5127,26
5128,40
5129,47
5130,58
5131,60
5132,53
5133,54
5134,50
5135,44
5136,41
5137,33
5138,22
5139,14
5140,3
5141,-4
5142,-11
5143,-17
5144,-28
5145,-38
5146,-46
5147,-49
5148,-53
5149,-57
5150,-53
5151,-48
5152,-41
5153,-33
5154,-21
5155,-21
5156,-11
5157,-2
5158,6
5159,18
5160,20
5161,31
5162,41
5163,45
5164,50
5165,49
5166,44
5167,45
5168,36
5169,27
5170,15
5171,7
5172,0
5173,-11
5174,-16
5175,-25
5176,-34
5177,-33
5178,-38
5179,-42
5180,-48
5181,-48
5182,-48
5183,-42
5184,-36
5185,-31
5186,-19
5187,-10
5188,1
5189,7
5190,14
5191,20
5192,24
5193,30
5194,31
5195,35
5196,33
5197,32
5198,36
5199,27
5200,26
5201,14
5202,10
5203,3
5204,-4
5205,-8
5206,-17
5207,-27
5208,-25
5209,-33
5210,-36
5211,-40
5212,-40
5213,-33
5214,-32
5215,-28
5216,-25
5217,13
5218,-147
5219,-41
5220,1
5221,19
5222,62
5223,78
5224,98
5225,-75
5226,-223
5227,194
5228,73
5229,-361
5230,223
5231,111
5232,96
5233,82
5234,143
5235,-11
5236,-34
5237,-55
5238,2
5239,-15
5240,48
5241,28
5242,24
5243,37
5244,10
5245,-32
5246,-42
5247,-65
5248,-40
5249,-32
5250,-37
5251,-6
5252,-10
5253,11
5254,13
5255,-4
5256,3
5257,-11
5258,-24
5259,-12
5260,-19
5261,-10
5262,1
5263,10
5264,15
5265,23
5266,15
5267,16
5268,7
5269,-2
5270,-3
5271,-11
5272,-10
5273,-12
5274,-7
5275,-2
5276,-8
5277,-11
5278,-21
5279,-12
5280,-6
5281,202
5282,185
5283,-34
5284,-8
5285,-16
5286,-10
5287,-20
5288,-11
5289,0
5290,13
5291,2
5292,9
5293,-2
5294,-3
5295,-11
5296,-15
5297,-17
5298,5
5299,7
5300,14
5301,10
5302,18
5303,14
5304,7
5305,-2
5306,-10
5307,-10
5308,-4
5309,-11
5310,-3
5311,-4
5312,-3
5313,-6
5314,-10
5315,-11
5316,-11
5317,-3
5318,-2
5319,-7
5320,-8
5321,-11
5322,-7
5323,-8
5324,-8
5325,-7
5326,-2
5327,0
5328,-2
5329,0
5330,-7
5331,-4
5332,-2
5333,-3
5334,-3
5335,-4
5336,3
5337,5
5338,2
5339,5
5340,2
5341,2
5342,2
5343,0
5344,-6
5345,-7
5346,-7
5347,-7
5348,-8
5349,-11
5350,-8
5351,-8
5352,-8
5353,-8
5354,-11
5355,-14
5356,-11
5357,-11
5358,-4
5359,-3
5360,-2
5361,3
5362,3
5363,3
5364,2
5365,-3
5366,0
5367,0
5368,1
5369,-6
5370,-3
5371,2
5372,-2
5373,-2
5374,-3
5375,-3
5376,1
5377,-2
5378,-3
5379,-6
5380,-7
5381,-7
5382,-6
5383,-11
5384,-10
5385,-8
5386,-7
5387,-6
5388,-4
5389,-8
5390,-10
5391,-6
5392,-3
5393,-4
5394,-3
5395,0
5396,0
5397,1
5398,3
5399,0
5400,2
5401,1
5402,0
5403,-2
5404,-2
5405,1
5406,-4
5407,-6
5408,-3
5409,-8
5410,-2
5411,-4
5412,-10
5413,-7
5414,-7
5415,-11
5416,-12
5417,-14
5418,-11
5419,-7
5420,-2
5421,3
5422,-3
5423,-3
5424,-2
5425,2
5426,-2
5427,11
5428,-118
5429,-76
5430,-37
5431,11
5432,54
5433,-17
5434,74
5435,37
5436,19
5437,70
5438,53
5439,33
5440,37
5441,26
5442,30
5443,28
5444,23
5445,28
5446,20
5447,28
5448,1
5449,-11
5450,-21
5451,-38
5452,-34
5453,-44
5454,-57
5455,-46
5456,-48
5457,-48
5458,-27
5459,-21
5460,-25
5461,-23
5462,-20
5463,-16
5464,-11
5465,-8
5466,-4
5467,11
5468,18
5469,26
5470,39
5471,44
5472,47
5473,49
5474,43
5475,32
5476,28
5477,15
5478,11
5479,7
5480,-7
5481,-10
5482,-11
5483,-23
5484,-21
5485,-66
5486,-40
5487,-49
5488,-57
5489,-58
5490,-49
5491,-38
5492,-31
5493,-17
5494,-10
5495,-3
5496,6
5497,18
5498,18
5499,28
5500,28
5501,32
5502,32
5503,28
5504,23
5505,24
5506,24
5507,19
5508,18
5509,11
5510,5
5511,-2
5512,-8
5513,-14
5514,-21
5515,-19
5516,-25
5517,-28
5518,-29
5519,-27
5520,-27
5521,-28
5522,-27
5523,-28
5524,-19
5525,-17
5526,-11
5527,-6
5528,3
5529,13
5530,18
5531,22
5532,23
5533,24
5534,33
5535,31
5536,28
5537,28
5538,22
5539,20
5540,15
5541,6
5542,5
5543,-3
5544,-10
5545,-11
5546,-20
5547,-25
5548,-28
5549,-28
5550,-32
5551,-32
5552,-28
5553,-21
5554,-17
5555,-11
5556,-14
5557,-10
5558,3
5559,1
5560,7
5561,10
5562,14
5563,20
5564,20
5565,22
5566,19
5567,16
5568,23
5569,18
5570,15
5571,11
5572,10
5573,3
5574,-7
5575,-8
5576,-11
5577,-11
5578,-17
5579,-17
5580,-23
5581,-28
5582,-24
5583,-25
5584,-21
5585,-21
5586,-19
5587,-12
5588,-7
5589,-4
5590,0
5591,5
5592,14
5593,16
5594,14
5595,18
5596,22
5597,23
5598,20
5599,18
5600,15
5601,13
5602,10
5603,5
5604,2
5605,-3
5606,-7
5607,-11
5608,-14
5609,-16
5610,0
5611,-17
5612,-21
5613,-20
5614,-17
5615,-16
5616,-19
5617,-12
5618,-14
5619,-10
5620,-4
5621,-2
5622,0
5623,3
5624,10
5625,10
5626,15
5627,15
5628,15
5629,18
5630,18
5631,15
5632,13
5633,9
5634,9
5635,1
5636,0
5637,-7
5638,-11
5639,-11
5640,-15
5641,-16
5642,-21
5643,-19
5644,-19
5645,-17
5646,-17
5647,-16
5648,-11
5649,-11
5650,-11
5651,-8
5652,-7
5653,-2
5654,6
5655,7
5656,13
5657,9
5658,14
5659,14
5660,15
5661,14
5662,10
5663,5
5664,10
5665,6
5666,2
5667,1
5668,1
5669,-3
5670,-8
5671,-11
5672,-14
5673,-15
5674,-12
5675,-17
5676,-16
5677,-16
5678,-17
5679,-11
5680,-10
5681,-7
5682,-8
5683,-6
5684,0
5685,3
5686,2
5687,5
5688,7
5689,11
5690,15
5691,15
5692,14
5693,14
5694,10
5695,9
5696,5
5697,3
5698,-3
5699,0
5700,-6
5701,-8
5702,-11
5703,-11
5704,-11
5705,-11
5706,-189
5707,-236
5708,-53
5709,-44
5710,-10
5711,56
5712,71
5713,49
5714,-104
5715,-37
5716,-11
5717,-127
5718,-92
5719,79
5720,69
5721,90
5722,134
5723,145
5724,78
5725,60
5726,69
5727,22
5728,10
5729,-3
5730,19
5731,18
5732,27
5733,28
5734,-2
5735,-21
5736,-34
5737,-61
5738,-74
5739,-87
5740,-93
5741,-84
5742,-76
5743,-65
5744,-28
5745,-23
5746,-19
5747,-11
5748,1
5749,6
5750,13
5751,19
5752,28
5753,40
5754,47
5755,57
5756,61
5757,70
5758,75
5759,74
5760,61
5761,49
5762,32
5763,20
5764,0
5765,-12
5766,-25
5767,-34
5768,-40
5769,-45
5770,-46
5771,-48
5772,-51
5773,-57
5774,-61
5775,-67
5776,-66
5777,-54
5778,-36
5779,-16
5780,-4
5781,10
5782,27
5783,31
5784,44
5785,40
5786,52
5787,54
5788,48
5789,49
5790,35
5791,27
5792,35
5793,13
5794,6
5795,5
5796,-8
5797,-11
5798,-19
5799,-33
5800,-38
5801,-40
5802,-49
5803,-45
5804,-50
5805,-46
5806,-41
5807,-33
5808,-24
5809,-20
5810,-14
5811,-8
5812,1
5813,9
5814,15
5815,26
5816,32
5817,43
5818,43
5819,45
5820,47
5821,47
5822,41
5823,31
5824,19
5825,10
5826,5
5827,-4
5828,-11
5829,-16
5830,-23
5831,-28
5832,-32
5833,-38
5834,-41
5835,-40
5836,-42
5837,-42
5838,-38
5839,-29
5840,-21
5841,-11
5842,-7
5843,1
5844,7
5845,18
5846,19
5847,24
5848,28
5849,30
5850,32
5851,33
5852,30
5853,28
5854,27
5855,24
5856,15
5857,9
5858,3
5859,-3
5860,-11
5861,-17
5862,-21
5863,-24
5864,-31
5865,-28
5866,-33
5867,-31
5868,-28
5869,-28
5870,-23
5871,-21
5872,-16
5873,-11
5874,-3
5875,2
5876,5
5877,15
5878,20
5879,26
5880,24
5881,26
5882,28
5883,27
5884,24
5885,18
5886,15
5887,13
5888,11
5889,5
5890,0
5891,-7
5892,-11
5893,-11
5894,-21
5895,-27
5896,-27
5897,-25
5898,-27
5899,-925
5900,-96
5901,1
5902,-363
5903,145
5904,-263
5905,220
5906,173
5907,9
5908,223
5909,113
5910,45
5911,65
5912,37
5913,18
5914,104
5915,24
5916,155
5917,77
5918,142
5919,98
5920,20
5921,37
5922,-49
5923,-92
5924,-63
5925,-138
5926,-97
5927,-91
5928,-97
5929,-57
5930,-66
5931,-78
5932,-61
5933,-75
5934,-68
5935,-63
5936,-63
5937,-33
5938,-19
5939,26
5940,36
5941,66
5942,91
5943,88
5944,105
5945,101
5946,81
5947,98
5948,71
5949,61
5950,62
5951,36
5952,37
5953,28
5954,-3
5955,-12
5956,-28
5957,-50
5958,-75
5959,-96
5960,-112
5961,-119
5962,-108
5963,-104
5964,-91
5965,-65
5966,-42
5967,-28
5968,-4
5969,-2
5970,14
5971,33
5972,41
5973,62
5974,70
5975,66
5976,75
5977,73
5978,67
5979,64
5980,56
5981,52
5982,36
5983,22
5984,9
5985,-3
5986,-15
5987,-28
5988,-37
5989,-50
5990,-55
5991,-58
5992,-66
5993,-70
5994,-65
5995,-65
5996,-53
5997,-49
5998,-40
5999,-24
6000,-14
6001,2
6002,19
6003,26
6004,35
6005,45
6006,56
6007,61
6008,62
6009,58
6010,57
6011,56
6012,48
6013,43
6014,30
6015,23
6016,9
6017,-3
6018,-11
6019,-29
6020,-41
6021,-50
6022,-59
6023,-61
6024,-67
6025,-65
6026,-55
6027,-48
6028,-38
6029,-28
6030,-20
6031,-10
6032,0
6033,6
6034,18
6035,24
6036,35
6037,40
6038,45
6039,47
6040,45
6041,53
6042,49
6043,44
6044,35
6045,26
6046,23
6047,7
6048,0
6049,-11
6050,-17
6051,-21
6052,-29
6053,-34
6054,-37
6055,-48
6056,-45
6057,-46
6058,-41
6059,-38
6060,-32
6061,-23
6062,-14
6063,-11
6064,2
6065,5
6066,18
6067,22
6068,30
6069,32
6070,37
6071,40
6072,43
6073,44
6074,33
6075,32
6076,26
6077,16
6078,14
6079,0
6080,-10
6081,206
6082,-208
6083,-7
6084,-16
6085,351
6086,-146
6087,66
6088,-92
6089,-104
6090,40
6091,20
6092,22
6093,84
6094,70
6095,82
6096,65
6097,64
6098,101
6099,50
6100,95
6101,98
6102,86
6103,50
6104,56
6105,53
6106,7
6107,-15
6108,-23
6109,-67
6110,-53
6111,-66
6112,-79
6113,-76
6114,-85
6115,-76
6116,-67
6117,-74
6118,-72
6119,-63
6120,-54
6121,-40
6122,-28
6123,-8
6124,3
6125,24
6126,49
6127,66
6128,77
6129,77
6130,84
6131,94
6132,79
6133,77
6134,79
6135,62
6136,50
6137,43
6138,20
6139,9
6140,-11
6141,-32
6142,-46
6143,-65
6144,-79
6145,-87
6146,-91
6147,-85
6148,-85
6149,-75
6150,-61
6151,-46
6152,-27
6153,-33
6154,0
6155,-3
6156,13
6157,28
6158,44
6159,54
6160,58
6161,62
6162,62
6163,57
6164,62
6165,54
6166,43
6167,37
6168,24
6169,15
6170,3
6171,-11
6172,-21
6173,-28
6174,-37
6175,-46
6176,-51
6177,-59
6178,-57
6179,-59
6180,-57
6181,-55
6182,-45
6183,-34
6184,-21
6185,-15
6186,-2
6187,9
6188,23
6189,28
6190,40
6191,49
6192,54
6193,54
6194,58
6195,57
6196,53
6197,49
6198,40
6199,35
6200,18
6201,9
6202,-2
6203,-11
6204,-25
6205,-37
6206,-44
6207,-45
6208,-53
6209,-57
6210,-55
6211,-49
6212,-44
6213,-34
6214,-28
6215,-21
6216,-14
6217,-7
6218,6
6219,11
6220,20
6221,30
6222,39
6223,43
6224,45
6225,45
6226,45
6227,44
6228,40
6229,35
6230,26
6231,19
6232,11
6233,2
6234,-8
6235,-12
6236,-19
6237,-28
6238,-31
6239,-40
6240,-44
6241,-42
6242,-44
6243,-42
6244,-38
6245,-28
6246,-20
6247,-14
6248,-11
6249,-4
6250,5
6251,19
6252,24
6253,26
6254,28
6255,35
6256,40
6257,40
6258,37
6259,32
6260,33
6261,27
6262,20
6263,7
6264,2
6265,-2
6266,-10
6267,-16
6268,-23
6269,-28
6270,-25
6271,-31
6272,-144
6273,-224
6274,-99
6275,-66
6276,7
6277,-419
6278,-8
6279,82
6280,-244
6281,75
6282,56
6283,60
6284,186
6285,152
6286,122
6287,137
6288,61
6289,87
6290,54
6291,41
6292,91
6293,31
6294,64
6295,26
6296,43
6297,28
6298,-45
6299,-57
6300,-84
6301,-127
6302,-95
6303,-114
6304,-108
6305,-88
6306,-84
6307,-68
6308,-48
6309,-49
6310,-29
6311,-32
6312,-17
6313,-7
6314,10
6315,39
6316,43
6317,73
6318,86
6319,95
6320,103
6321,94
6322,91
6323,88
6324,69
6325,64
6326,45
6327,18
6328,14
6329,-6
6330,-25
6331,-34
6332,-59
6333,-68
6334,-79
6335,-85
6336,-87
6337,-93
6338,-85
6339,-80
6340,-82
6341,-51
6342,-34
6343,-11
6344,14
6345,31
6346,43
6347,52
6348,60
6349,69
6350,64
6351,61
6352,67
6353,66
6354,62
6355,50
6356,39
6357,35
6358,23
6359,7
6360,-10
6361,-19
6362,-29
6363,-37
6364,-48
6365,-59
6366,-66
6367,-65
6368,-62
6369,-63
6370,-54
6371,-49
6372,-38
6373,-27
6374,-17
6375,-8
6376,-2
6377,15
6378,26
6379,41
6380,48
6381,53
6382,58
6383,62
6384,62
6385,58
6386,52
6387,47
6388,35
6389,26
6390,10
6391,-2
6392,-10
6393,-17
6394,-28
6395,-41
6396,-48
6397,-50
6398,-57
6399,-57
6400,-59
6401,-55
6402,-48
6403,-41
6404,-25
6405,-16
6406,-10
6407,7
6408,15
6409,20
6410,28
6411,33
6412,41
6413,45
6414,44
6415,47
6416,47
6417,49
6418,41
6419,31
6420,24
6421,13
6422,7
6423,-2
6424,-11
6425,-21
6426,-25
6427,-32
6428,-38
6429,-44
6430,-45
6431,-40
6432,-41
6433,-38
6434,-32
6435,-31
6436,-19
6437,-14
6438,-7
6439,2
6440,11
6441,24
6442,31
6443,33
6444,37
6445,40
6446,40
6447,40
6448,36
6449,35
6450,31
6451,23
6452,16
6453,7
6454,0
6455,-8
6456,-14
6457,-20
6458,-27
6459,-33
6460,-33
6461,-257
6462,-153
6463,-57
6464,-54
6465,-16
6466,-327
6467,67
6468,3
6469,-4
6470,30
6471,-16
6472,113
6473,117
6474,175
6475,115
6476,133
6477,60
6478,103
6479,30
6480,69
6481,79
6482,73
6483,73
6484,54
6485,60
6486,24
6487,-27
6488,-55
6489,-97
6490,-121
6491,-105
6492,-123
6493,-106
6494,-97
6495,-89
6496,-76
6497,-55
6498,-55
6499,-40
6500,-44
6501,-24
6502,-14
6503,3
6504,26
6505,45
6506,70
6507,91
6508,101
6509,108
6510,101
6511,101
6512,96
6513,81
6514,73
6515,50
6516,30
6517,18
6518,-4
6519,-15
6520,-27
6521,-54
6522,-63
6523,-85
6524,-92
6525,-95
6526,-106
6527,-96
6528,-95
6529,-91
6530,-66
6531,-45
6532,-17
6533,14
6534,23
6535,36
6536,53
6537,62
6538,65
6539,69
6540,75
6541,77
6542,81
6543,70
6544,64
6545,53
6546,45
6547,31
6548,14
6549,-6
6550,-15
6551,-24
6552,-38
6553,-45
6554,-57
6555,-62
6556,-66
6557,-67
6558,-68
6559,-68
6560,-55
6561,-45
6562,-37
6563,-24
6564,-14
6565,0
6566,10
6567,24
6568,39
6569,44
6570,57
6571,62
6572,67
6573,65
6574,65
6575,60
6576,52
6577,44
6578,35
6579,23
6580,11
6581,-3
6582,-14
6583,-25
6584,-33
6585,-45
6586,-57
6587,-58
6588,-62
6589,-65
6590,-59
6591,-54
6592,-44
6593,-36
6594,-23
6595,-11
6596,-6
6597,7
6598,15
6599,28
6600,41
6601,43
6602,47
6603,48
6604,50
6605,52
6606,49
6607,41
6608,37
6609,35
6610,24
6611,14
6612,3
6613,-11
6614,-16
6615,-25
6616,-31
6617,-38
6618,-40
6619,-42
6620,-44
6621,-42
6622,-42
6623,-38
6624,-31
6625,-25
6626,-16
6627,-12
6628,-3
6629,10
6630,22
6631,26
6632,30
6633,36
6634,41
6635,43
6636,45
6637,40
6638,40
6639,39
6640,30
6641,20
6642,13
6643,7
6644,1
6645,-11
6646,-19
6647,-143
6648,-106
6649,-67
6650,-25
6651,18
6652,-263
6653,-117
6654,-10
6655,-393
6656,105
6657,3
6658,1
6659,121
6660,90
6661,129
6662,104
6663,62
6664,95
6665,53
6666,40
6667,70
6668,33
6669,75
6670,45
6671,75
6672,56
6673,-12
6674,-14
6675,-58
6676,-93
6677,-71
6678,-97
6679,-104
6680,-88
6681,-87
6682,-68
6683,-59
6684,-61
6685,-54
6686,-49
6687,-37
6688,-28
6689,-11
6690,10
6691,18
6692,49
6693,58
6694,71
6695,92
6696,83
6697,94
6698,92
6699,78
6700,79
6701,62
6702,36
6703,28
6704,7
6705,-3
6706,-17
6707,-36
6708,-44
6709,-71
6710,-70
6711,-72
6712,-88
6713,-87
6714,-87
6715,-87
6716,-67
6717,-58
6718,-33
6719,-6
6720,13
6721,24
6722,23
6723,36
6724,50
6725,49
6726,56
6727,62
6728,62
6729,67
6730,62
6731,52
6732,44
6733,37
6734,27
6735,11
6736,0
6737,-12
6738,-19
6739,-31
6740,-42
6741,-49
6742,-57
6743,-55
6744,-55
6745,-58
6746,-53
6747,-49
6748,-41
6749,-32
6750,-23
6751,-11
6752,-3
6753,11
6754,23
6755,35
6756,41
6757,49
6758,53
6759,54
6760,54
6761,56
6762,50
6763,49
6764,36
6765,23
6766,15
6767,6
6768,-4
6769,-11
6770,-23
6771,-32
6772,-41
6773,-46
6774,-50
6775,-58
6776,-49
6777,-49
6778,-42
6779,-34
6780,-27
6781,-19
6782,-7
6783,1
6784,6
6785,18
6786,26
6787,33
6788,37
6789,44
6790,43
6791,44
6792,47
6793,40
6794,35
6795,28
6796,26
6797,19
6798,7
6799,0
6800,-10
6801,-12
6802,-23
6803,-28
6804,-34
6805,-34
6806,-38
6807,-36
6808,-37
6809,-36
6810,-32
6811,-28
6812,-17
6813,-14
6814,-70
6815,-109
6816,-4
6817,16
6818,33
6819,84
6820,99
6821,87
6822,-16
6823,-20
6824,-32
6825,-237
6826,39
6827,40
6828,75
6829,182
6830,121
6831,133
6832,67
6833,-14
6834,5
6835,-42
6836,-80
6837,-17
6838,-17
6839,32
6840,28
6841,43
6842,41
6843,-21
6844,-23
6845,-48
6846,-95
6847,-58
6848,-76
6849,-65
6850,-19
6851,-20
6852,7
6853,23
6854,16
6855,16
6856,14
6857,1
6858,1
6859,-2
6860,14
6861,15
6862,30
6863,37
6864,40
6865,47
6866,41
6867,35
6868,32
6869,10
6870,3
6871,-7
6872,-20
6873,-20
6874,-23
6875,-21
6876,-19
6877,-19
6878,-20
6879,-14
6880,-20
6881,-40
6882,-38
6883,-40
6884,-33
6885,-32
6886,-12
6887,1
6888,14
6889,33
6890,33
6891,27
6892,28
6893,28
6894,24
6895,27
6896,24
6897,27
6898,18
6899,9
6900,3
6901,-4
6902,-6
6903,-8
6904,-11
6905,-15
6906,-16
6907,-17
6908,-17
6909,-17
6910,-24
6911,-23
6912,-16
6913,-16
6914,-14
6915,-11
6916,-11
6917,-2
6918,0
6919,1
6920,6
6921,6
6922,16
6923,16
6924,20
6925,20
6926,23
6927,26
6928,26
6929,14
6930,14
6931,14
6932,7
6933,0
6934,-4
6935,-8
6936,-11
6937,-11
6938,-12
6939,-14
6940,-16
6941,-14
6942,-19
6943,-21
6944,-20
6945,-21
6946,-12
6947,-8
6948,-7
6949,-2
6950,5
6951,11
6952,14
6953,13
6954,14
6955,14
6956,16
6957,18
6958,14
6959,10
6960,11
6961,13
6962,6
6963,7
6964,3
6965,0
6966,0
6967,-3
6968,-11
6969,-14
6970,-15
6971,-12
6972,-12
6973,-14
6974,-12
6975,-10
6976,-7
6977,-8
6978,-10
6979,-10
6980,-3
6981,-4
6982,0
6983,3
6984,7
6985,10
6986,13
6987,14
6988,16
6989,14
6990,15
6991,11
6992,7
6993,5
6994,-2
6995,-151
6996,5
6997,3
6998,16
6999,67
7000,66
7001,56
7002,7
7003,-399
7004,-24
7005,-144
7006,-66
7007,214
7008,58
7009,56
7010,143
7011,133
7012,135
7013,52
7014,10
7015,15
7016,-15
7017,-7
7018,28
7019,41
7020,75
7021,60
7022,77
7023,32
7024,-11
7025,-11
7026,-58
7027,-83
7028,-79
7029,-89
7030,-65
7031,-48
7032,-46
7033,-21
7034,-24
7035,-20
7036,-27
7037,-25
7038,-21
7039,-27
7040,-11
7041,-3
7042,5
7043,40
7044,40
7045,62
7046,66
7047,66
7048,73
7049,57
7050,40
7051,39
7052,15
7053,1
7054,9
7055,-8
7056,-8
7057,-11
7058,-14
7059,-17
7060,-19
7061,-40
7062,-55
7063,-57
7064,-71
7065,-68
7066,-62
7067,-33
7068,-17
7069,-14
7070,5
7071,14
7072,20
7073,26
7074,32
7075,35
7076,40
7077,45
7078,45
7079,45
7080,35
7081,36
7082,28
7083,22
7084,18
7085,6
7086,7
7087,-4
7088,-11
7089,-17
7090,-27
7091,-34
7092,-37
7093,-36
7094,-37
7095,-34
7096,-32
7097,-31
7098,-23
7099,-25
7100,-17
7101,-11
7102,-6
7103,5
7104,10
7105,20
7106,31
7107,35
7108,40
7109,40
7110,40
7111,40
7112,32
7113,28
7114,22
7115,14
7116,10
7117,2
7118,-2
7119,-7
7120,-11
7121,-14
7122,-17
7123,-29
7124,-36
7125,-37
7126,-38
7127,-34
7128,-36
7129,-27
7130,-16
7131,-11
7132,-3
7133,0
7134,3
7135,15
7136,18
7137,19
7138,22
7139,27
7140,31
7141,27
7142,30
7143,28
7144,23
7145,24
7146,15
7147,11
7148,2
7149,-3
7150,-7
7151,-11
7152,-15
7153,-16
7154,-17
7155,-15
7156,-21
7157,-19
7158,-25
7159,-23
7160,-21
7161,-23
7162,-14
7163,-11
7164,0
7165,2
7166,11
7167,11
7168,20
7169,23
7170,20
7171,19
7172,20
7173,18
7174,20
7175,19
7176,20
7177,14
7178,13
7179,7
7180,1
7181,-8
7182,-88
7183,-164
7184,-11
7185,-25
7186,18
7187,45
7188,49
7189,-12
7190,-24
7191,-32
7192,-108
7193,103
7194,-144
7195,48
7196,47
7197,23
7198,184
7199,158
7200,156
7201,115
7202,79
7203,-32
7204,28
7205,-38
7206,26
7207,18
7208,73
7209,70
7210,69
7211,70
7212,33
7213,-25
7214,-62
7215,-110
7216,-125
7217,-104
7218,-106
7219,-84
7220,-59
7221,-42
7222,-23
7223,-11
7224,-12
7225,-17
7226,-29
7227,-20
7228,-11
7229,-3
7230,10
7231,41
7232,62
7233,79
7234,90
7235,92
7236,87
7237,81
7238,58
7239,44
7240,31
7241,14
7242,0
7243,-7
7244,-11
7245,-12
7246,-15
7247,-25
7248,-37
7249,-53
7250,-65
7251,-82
7252,-84
7253,-85
7254,-75
7255,-63
7256,-42
7257,-20
7258,9
7259,10
7260,27
7261,37
7262,44
7263,44
7264,53
7265,60
7266,62
7267,61
7268,52
7269,44
7270,36
7271,26
7272,15
7273,6
7274,0
7275,-8
7276,-15
7277,-25
7278,-31
7279,-37
7280,-42
7281,-48
7282,-48
7283,-45
7284,-37
7285,-38
7286,-32
7287,-23
7288,-19
7289,-14
7290,-10
7291,6
7292,14
7293,26
7294,32
7295,39
7296,47
7297,50
7298,49
7299,44
7300,43
7301,39
7302,32
7303,23
7304,14
7305,14
7306,1
7307,-7
7308,-11
7309,-21
7310,-28
7311,-31
7312,-41
7313,-46
7314,-42
7315,-42
7316,-44
7317,-34
7318,-24
7319,-12
7320,-7
7321,0
7322,7
7323,18
7324,20
7325,24
7326,28
7327,28
7328,39
7329,40
7330,36
7331,32
7332,33
7333,31
7334,23
7335,13
7336,3
7337,3
7338,-7
7339,-11
7340,-17
7341,-20
7342,-21
7343,-24
7344,-29
7345,-29
7346,-27
7347,-29
7348,-25
7349,-23
7350,-19
7351,-11
7352,-7
7353,1
7354,5
7355,13
7356,20
7357,26
7358,27
7359,28
7360,28
7361,28
7362,-151
7363,-14
7364,28
7365,39
7366,81
7367,78
7368,77
7369,20
7370,-14
7371,-23
7372,-28
7373,-80
7374,-611
7375,-75
7376,-289
7377,57
7378,70
7379,78
7380,103
7381,115
7382,101
7383,41
7384,15
7385,-10
7386,28
7387,-10
7388,53
7389,26
7390,83
7391,67
7392,84
7393,67
7394,14
7395,-14
7396,-41
7397,-78
7398,-70
7399,-75
7400,-62
7401,-49
7402,-34
7403,-23
7404,-16
7405,-27
7406,-29
7407,-36
7408,-38
7409,-48
7410,-44
7411,-23
7412,-11
7413,19
7414,32
7415,54
7416,71
7417,67
7418,64
7419,66
7420,49
7421,45
7422,35
7423,23
7424,23
7425,20
7426,20
7427,18
7428,7
7429,-6
7430,-12
7431,-29
7432,-50
7433,-61
7434,-67
7435,-71
7436,-70
7437,-82
7438,-50
7439,-33
7440,-23
7441,-15
7442,5
7443,20
7444,20
7445,35
7446,30
7447,37
7448,47
7449,40
7450,41
7451,41
7452,37
7453,40
7454,33
7455,26
7456,18
7457,10
7458,0
7459,-12
7460,-15
7461,-24
7462,-25
7463,-27
7464,-31
7465,-33
7466,-37
7467,-29
7468,-29
7469,-34
7470,-32
7471,-27
7472,-20
7473,-11
7474,-6
7475,7
7476,19
7477,30
7478,35
7479,35
7480,39
7481,41
7482,36
7483,36
7484,30
7485,26
7486,26
7487,19
7488,16
7489,7
7490,0
7491,-7
7492,-11
7493,-24
7494,-32
7495,-33
7496,-38
7497,-38
7498,-40
7499,-36
7500,-28
7501,-19
7502,-15
7503,-10
7504,-2
7505,5
7506,6
7507,9
7508,13
7509,23
7510,26
7511,31
7512,31
7513,32
7514,32
7515,33
7516,27
7517,20
7518,14
7519,7
7520,1
7521,-2
7522,-10
7523,-8
7524,-11
7525,-12
7526,-21
7527,-24
7528,-24
7529,-25
7530,-25
7531,-25
7532,-21
7533,-16
7534,-11
7535,-11
7536,-3
7537,3
7538,10
7539,13
7540,18
7541,23
7542,24
7543,24
7544,24
7545,26
7546,28
7547,19
7548,20
7549,15
7550,11
7551,10
7552,2
7553,-2
7554,-11
7555,-8
7556,-131
7557,-16
7558,-29
7559,-8
7560,10
7561,27
7562,2
7563,-183
7564,-87
7565,-225
7566,-63
7567,62
7568,103
7569,101
7570,149
7571,173
7572,139
7573,86
7574,73
7575,75
7576,15
7577,33
7578,43
7579,61
7580,61
7581,60
7582,66
7583,2
7584,-8
7585,-33
7586,-88
7587,-85
7588,-102
7589,-112
7590,-85
7591,-87
7592,-65
7593,-38
7594,-42
7595,-28
7596,-25
7597,-24
7598,-11
7599,-11
7600,5
7601,24
7602,37
7603,60
7604,73
7605,87
7606,91
7607,91
7608,94
7609,77
7610,62
7611,54
7612,32
7613,19
7614,5
7615,-11
7616,-11
7617,-25
7618,-38
7619,-46
7620,-54
7621,-58
7622,-76
7623,-83
7624,-85
7625,-83
7626,-70
7627,-46
7628,-28
7629,-11
7630,10
7631,18
7632,36
7633,43
7634,58
7635,61
7636,61
7637,60
7638,60
7639,45
7640,43
7641,45
7642,33
7643,28
7644,14
7645,11
7646,2
7647,-11
7648,-21
7649,-23
7650,-38
7651,-51
7652,-53
7653,-54
7654,-49
7655,-46
7656,-42
7657,-40
7658,-32
7659,-24
7660,-15
7661,-8
7662,0
7663,11
7664,20
7665,31
7666,40
7667,47
7668,52
7669,56
7670,54
7671,50
7672,50
7673,39
7674,28
7675,22
7676,10
7677,2
7678,-4
7679,-12
7680,-16
7681,-27
7682,-32
7683,-40
7684,-48
7685,-53
7686,-51
7687,-45
7688,-41
7689,-36
7690,-24
7691,-11
7692,-4
7693,7
7694,10
7695,16
7696,30
7697,31
7698,36
7699,37
7700,41
7701,41
7702,44
7703,35
7704,35
7705,31
7706,24
7707,15
7708,3
7709,0
7710,-8
7711,-15
7712,-21
7713,-28
7714,-33
7715,-29
7716,-32
7717,-32
7718,-34
7719,-32
7720,-28
7721,-24
7722,-17
7723,-11
7724,-2
7725,6
7726,16
7727,20
7728,28
7729,33
7730,35
7731,31
7732,36
7733,39
7734,32
7735,28
7736,24
7737,20
7738,15
7739,11
7740,1
7741,-177
7742,-33
7743,-10
7744,-44
7745,56
7746,-625
7747,98
7748,-41
7749,-335
7750,-11
7751,-38
7752,67
7753,130
7754,142
7755,94
7756,94
7757,28
7758,90
7759,-11
7760,48
7761,62
7762,50
7763,100
7764,73
7765,91
7766,69
7767,2
7768,-12
7769,-66
7770,-91
7771,-68
7772,-89
7773,-80
7774,-82
7775,-70
7776,-51
7777,-44
7778,-53
7779,-45
7780,-59
7781,-38
7782,-44
7783,-21
7784,-3
7785,5
7786,45
7787,61
7788,67
7789,87
7790,79
7791,87
7792,88
7793,73
7794,75
7795,57
7796,35
7797,33
7798,18
7799,3
7800,-7
7801,-24
7802,-37
7803,-48
7804,-61
7805,-70
7806,-75
7807,-80
7808,-87
7809,-82
7810,-75
7811,-54
7812,-28
7813,-11
7814,14
7815,30
7816,36
7817,32
7818,39
7819,48
7820,54
7821,53
7822,58
7823,64
7824,52
7825,49
7826,45
7827,36
7828,24
7829,16
7830,7
7831,-10
7832,-16
7833,-28
7834,-38
7835,-48
7836,-49
7837,-58
7838,-54
7839,-54
7840,-45
7841,-44
7842,-38
7843,-31
7844,-27
7845,-17
7846,-4
7847,10
7848,19
7849,35
7850,43
7851,50
7852,56
7853,52
7854,60
7855,57
7856,50
7857,45
7858,43
7859,30
7860,19
7861,7
7862,-3
7863,-11
7864,-20
7865,-27
7866,-38
7867,-44
7868,-51
7869,-55
7870,-55
7871,-53
7872,-44
7873,-37
7874,-28
7875,-16
7876,-11
7877,-3
7878,6
7879,10
7880,20
7881,27
7882,33
7883,43
7884,45
7885,47
7886,47
7887,43
7888,39
7889,30
7890,28
7891,18
7892,9
7893,2
7894,-10
7895,-11
7896,-20
7897,-24
7898,-31
7899,-36
7900,-32
7901,-37
7902,-38
7903,-40
7904,-33
7905,-28
7906,-21
7907,-17
7908,-11
7909,2
7910,11
7911,16
7912,24
7913,32
7914,35
7915,37
7916,37
7917,37
7918,41
7919,36
7920,31
7921,23
7922,16
7923,14
7924,5
7925,-6
7926,-11
7927,-12
7928,-87
7929,-127
7930,-53
7931,-21
7932,-24
7933,19
7934,31
7935,26
7936,335
7937,-46
7938,-38
7939,-224
7940,65
7941,45
7942,88
7943,180
7944,125
7945,130
7946,112
7947,37
7948,54
7949,13
7950,-11
7951,48
7952,30
7953,79
7954,56
7955,81
7956,49
7957,-16
7958,-32
7959,-65
7960,-101
7961,-87
7962,-106
7963,-97
7964,-71
7965,-57
7966,-38
7967,-24
7968,-23
7969,-23
7970,-25
7971,-19
7972,-12
7973,-3
7974,14
7975,28
7976,49
7977,64
7978,81
7979,87
7980,83
7981,84
7982,77
7983,56
7984,47
7985,31
7986,10
7987,5
7988,-8
7989,-15
7990,-17
7991,-33
7992,-34
7993,-42
7994,-58
7995,-63
7996,-72
7997,-75
7998,-74
7999,-68
8000,-50
8001,-28
8002,-6
8003,5
8004,15
8005,27
8006,43
8007,47
8008,39
8009,49
8010,58
8011,64
8012,56
8013,50
8014,44
8015,35
8016,26
8017,18
8018,9
8019,3
8020,-6
8021,-16
8022,-28
8023,-38
8024,-40
8025,-49
8026,-49
8027,-49
8028,-44
8029,-42
8030,-32
8031,-28
8032,-25
8033,-14
8034,-10
8035,1
8036,9
8037,18
8038,30
8039,39
8040,44
8041,47
8042,52
8043,52
8044,49
8045,43
8046,36
8047,35
8048,22
8049,14
8050,3
8051,-6
8052,-11
8053,-16
8054,-25
8055,-31
8056,-40
8057,-41
8058,-40
8059,-48
8060,-45
8061,-41
8062,-31
8063,-21
8064,-16
8065,-7
8066,7
8067,11
8068,18
8069,22
8070,24
8071,32
8072,35
8073,39
8074,37
8075,39
8076,40
8077,37
8078,28
8079,20
8080,18
8081,5
8082,-2
8083,-11
8084,-15
8085,-19
8086,-24
8087,-28
8088,-32
8089,-31
8090,-31
8091,-31
8092,-28
8093,-24
8094,-21
8095,-16
8096,-11
8097,-7
8098,5
8099,16
8100,19
8101,27
8102,30
8103,31
8104,35
8105,35
8106,30
8107,31
8108,26
8109,23
8110,24
8111,16
8112,11
8113,6
8114,-4
8115,-11
8116,-17
8117,-23
8118,-23
8119,-25
8120,-21
8121,-27
8122,-27
8123,-19
8124,-20
8125,-19
8126,-14
8127,-11
8128,-3
8129,2
8130,108
8131,-231
8132,108
8133,-3
8134,35
8135,113
8136,33
8137,-155
8138,-51
8139,45
8140,184
8141,151
8142,270
8143,138
8144,88
8145,62
8146,40
8147,-49
8148,13
8149,-15
8150,73
8151,20
8152,36
8153,57
8154,-7
8155,11
8156,-40
8157,-118
8158,-104
8159,-112
8160,-105
8161,-58
8162,-68
8163,-34
8164,-27
8165,-16
8166,-6
8167,-3
8168,-11
8169,-16
8170,-12
8171,13
8172,11
8173,43
8174,54
8175,70
8176,94
8177,82
8178,75
8179,74
8180,50
8181,56
8182,36
8183,15
8184,15
8185,-4
8186,-12
8187,-14
8188,-27
8189,-32
8190,-46
8191,-59
8192,-66
8193,-75
8194,-67
8195,-72
8196,-67
8197,-57
8198,-40
8199,-15
8200,3
8201,28
8202,44
8203,49
8204,60
8205,57
8206,53
8207,49
8208,58
8209,57
8210,50
8211,41
8212,26
8213,18
8214,14
8215,-6
8216,-10
8217,-88
8218,-17
8219,-28
8220,-32
8221,-40
8222,-40
8223,-40
8224,-49
8225,-45
8226,-45
8227,-38
8228,-25
8229,-19
8230,-11
8231,-11
8232,-2
8233,11
8234,19
8235,27
8236,39
8237,47
8238,50
8239,52
8240,48
8241,47
8242,43
8243,39
8244,33
8245,20
8246,15
8247,5
8248,-2
8249,-12
8250,-16
8251,-24
8252,-29
8253,-36
8254,-42
8255,-44
8256,-46
8257,-40
8258,-44
8259,-32
8260,-25
8261,-11
8262,-4
8263,7
8264,15
8265,23
8266,23
8267,26
8268,31
8269,31
8270,36
8271,37
8272,41
8273,36
8274,30
8275,26
8276,18
8277,15
8278,5
8279,0
8280,-10
8281,-14
8282,-17
8283,-21
8284,-23
8285,-25
8286,-28
8287,-32
8288,-28
8289,-29
8290,-25
8291,-17
8292,-19
8293,-11
8294,-6
8295,1
8296,10
8297,20
8298,22
8299,23
8300,27
8301,35
8302,35
8303,28
8304,26
8305,26
8306,23
8307,19
8308,16
8309,10
8310,5
8311,-3
8312,-11
8313,-12
8314,-17
8315,-23
8316,-27
8317,-27
8318,-25
8319,-23
8320,-19
8321,-17
8322,-14
8323,-12
8324,-11
8325,-4
8326,1
8327,3
8328,7
8329,13
8330,13
8331,-140
8332,64
8333,-232
8334,-155
8335,88
8336,41
8337,135
8338,82
8339,158
8340,87
8341,67
8342,-2
8343,32
8344,-23
8345,14
8346,-7
8347,50
8348,48
8349,45
8350,69
8351,14
8352,2
8353,-19
8354,-63
8355,-62
8356,-66
8357,-68
8358,-40
8359,-45
8360,-14
8361,-14
8362,-8
8363,-11
8364,-14
8365,-19
8366,-20
8367,-23
8368,-6
8369,-2
8370,13
8371,32
8372,37
8373,50
8374,50
8375,49
8376,56
8377,43
8378,39
8379,33
8380,14
8381,15
8382,7
8383,2
8384,3
8385,-6
8386,-8
8387,-11
8388,-27
8389,-37
8390,-46
8391,-49
8392,-58
8393,-59
8394,-55
8395,-37
8396,-17
8397,-4
8398,11
8399,16
8400,40
8401,30
8402,22
8403,32
8404,24
8405,32
8406,31
8407,9
8408,26
8409,19
8410,18
8411,18
8412,14
8413,5
8414,-4
8415,-8
8416,-11
8417,-12
8418,-17
8419,-20
8420,-21
8421,-21
8422,-21
8423,-23
8424,-24
8425,-25
8426,-16
8427,-17
8428,-14
8429,-11
8430,-7
8431,0
8432,9
8433,16
8434,20
8435,27
8436,30
8437,31
8438,27
8439,28
8440,22
8441,23
8442,15
8443,14
8444,6
8445,11
8446,3
8447,-4
8448,-10
8449,-12
8450,-15
8451,-23
8452,-25
8453,-31
8454,-32
8455,-28
8456,-23
8457,-16
8458,-12
8459,-10
8460,0
8461,3
8462,5
8463,7
8464,9
8465,14
8466,18
8467,18
8468,16
8469,23
8470,22
8471,23
8472,19
8473,16
8474,18
8475,11
8476,6
8477,3
8478,-6
8479,-6
8480,-10
8481,-12
8482,-14
8483,-15
8484,-12
8485,-16
8486,-21
8487,-21
8488,-17
8489,-16
8490,-14
8491,-10
8492,-6
8493,1
8494,9
8495,10
8496,11
8497,16
8498,20
8499,20
8500,16
8501,19
8502,18
8503,18
8504,14
8505,13
8506,9
8507,7
8508,3
8509,-3
8510,-4
8511,-11
8512,-11
8513,-12
8514,-15
8515,-15
8516,-16
8517,-14
8518,-498
8519,-593
8520,-268
8521,88
8522,-160
8523,164
8524,180
8525,99
8526,147
8527,70
8528,64
8529,22
8530,-11
8531,-11
8532,69
8533,32
8534,118
8535,91
8536,118
8537,92
8538,74
8539,26
8540,-46
8541,-62
8542,-66
8543,-85
8544,-70
8545,-68
8546,-57
8547,-34
8548,-46
8549,-40
8550,-42
8551,-59
8552,-68
8553,-67
8554,-54
8555,-36
8556,-21
8557,5
8558,19
8559,50
8560,67
8561,77
8562,77
8563,74
8564,73
8565,75
8566,53
8567,56
8568,44
8569,39
8570,37
8571,31
8572,16
8573,5
8574,-11
8575,-27
8576,-44
8577,-63
8578,-84
8579,-85
8580,-88
8581,-80
8582,-67
8583,-49
8584,-23
8585,20
8586,-10
8587,5
8588,10
8589,19
8590,24
8591,41
8592,45
8593,48
8594,60
8595,50
8596,56
8597,50
8598,44
8599,37
8600,32
8601,20
8602,5
8603,24
8604,-11
8605,-24
8606,-27
8607,-37
8608,-38
8609,-42
8610,-45
8611,-46
8612,-50
8613,-49
8614,-44
8615,-44
8616,-36
8617,-21
8618,-12
8619,0
8620,11
8621,22
8622,30
8623,39
8624,44
8625,45
8626,45
8627,50
8628,49
8629,43
8630,36
8631,33
8632,26
8633,20
8634,11
8635,-3
8636,-11
8637,-17
8638,-28
8639,-40
8640,-46
8641,-48
8642,-46
8643,-42
8644,-40
8645,-36
8646,-27
8647,-17
8648,-12
8649,-11
8650,-6
8651,3
8652,14
8653,19
8654,28
8655,30
8656,36
8657,40
8658,37
8659,43
8660,37
8661,33
8662,27
8663,20
8664,15
8665,7
8666,3
8667,-4
8668,-11
8669,-15
8670,-23
8671,-23
8672,-29
8673,-37
8674,-38
8675,-37
8676,-33
8677,-28
8678,-25
8679,-20
8680,-10
8681,-3
8682,2
8683,10
8684,14
8685,24
8686,23
8687,26
8688,27
8689,33
8690,35
8691,35
8692,31
8693,27
8694,23
8695,19
8696,14
8697,1
8698,-6
8699,-11
8700,-15
8701,-20
8702,-23
8703,-25
8704,-25
8705,-27
8706,-27
8707,-20
8708,-253
8709,-372
8710,69
8711,40
8712,62
8713,15
8714,159
8715,104
8716,-31
8717,84
8718,27
8719,70
8720,44
8721,81
8722,73
8723,98
8724,74
8725,98
8726,75
8727,52
8728,37
8729,-11
8730,-41
8731,-48
8732,-42
8733,-48
8734,-55
8735,-71
8736,-65
8737,-68
8738,-54
8739,-62
8740,-57
8741,-65
8742,-59
8743,-48
8744,-23
8745,-17
8746,-3
8747,13
8748,35
8749,49
8750,61
8751,67
8752,70
8753,75
8754,78
8755,69
8756,62
8757,50
8758,52
8759,43
8760,32
8761,23
8762,5
8763,-8
8764,-25
8765,-40
8766,-54
8767,-70
8768,-79
8769,-84
8770,-80
8771,-71
8772,-63
8773,-37
8774,-25
8775,-15
8776,-7
8777,1
8778,9
8779,19
8780,32
8781,52
8782,60
8783,53
8784,52
8785,50
8786,49
8787,47
8788,35
8789,36
8790,20
8791,19
8792,7
8793,1
8794,-11
8795,-23
8796,-34
8797,-40
8798,-44
8799,-48
8800,-45
8801,-53
8802,-46
8803,-45
8804,-41
8805,-40
8806,-28
8807,-16
8808,-10
8809,2
8810,14
8811,23
8812,33
8813,41
8814,45
8815,50
8816,50
8817,52
8818,49
8819,41
8820,36
8821,30
8822,27
8823,16
8824,7
8825,-4
8826,-15
8827,-21
8828,-31
8829,-37
8830,-46
8831,-50
8832,-44
8833,-41
8834,-40
8835,-37
8836,-25
8837,-17
8838,-11
8839,-8
8840,-3
8841,6
8842,16
8843,26
8844,30
8845,32
8846,37
8847,41
8848,40
8849,37
8850,35
8851,32
8852,28
8853,20
8854,11
8855,3
8856,1
8857,-7
8858,-12
8859,-19
8860,-27
8861,-28
8862,-33
8863,-34
8864,-37
8865,-38
8866,-28
8867,-21
8868,-17
8869,-11
8870,-10
8871,0
8872,7
8873,14
8874,18
8875,19
8876,26
8877,28
8878,33
8879,35
8880,35
8881,32
8882,26
8883,26
8884,14
8885,13
8886,7
8887,1
8888,-7
8889,-11
8890,-12
8891,-16
8892,-21
8893,-27
8894,-28
8895,-31
8896,-25
8897,-25
8898,-19
8899,-17
8900,-14
8901,-10
8902,-121
8903,-194
8904,56
8905,10
8906,50
8907,-116
8908,66
8909,141
8910,7
8911,86
8912,11
8913,94
8914,-6
8915,9
8916,61
8917,60
8918,58
8919,79
8920,45
8921,61
8922,39
8923,-19
8924,-10
8925,-38
8926,-19
8927,-20
8928,-45
8929,-24
8930,-27
8931,-23
8932,-7
8933,-32
8934,-33
8935,-38
8936,-44
8937,-25
8938,-23
8939,-21
8940,-10
8941,1
8942,20
8943,27
8944,31
8945,37
8946,35
8947,45
8948,41
8949,30
8950,26
8951,23
8952,26
8953,24
8954,16
8955,15
8956,11
8957,9
8958,-2
8959,-11
8960,-19
8961,-36
8962,-41
8963,-41
8964,-38
8965,-37
8966,-29
8967,-24
8968,-11
8969,-11
8970,-11
8971,0
8972,-10
8973,0
8974,6
8975,10
8976,24
8977,26
8978,30
8979,45
8980,35
8981,39
8982,31
8983,35
8984,15
8985,13
8986,3
8987,5
8988,-11
8989,-12
8990,-15
8991,-19
8992,-16
8993,-24
8994,-24
8995,-31
8996,-28
8997,-28
8998,-25
8999,-19
9000,-17
9001,-11
9002,-8
9003,1
9004,7
9005,13
9006,16
9007,24
9008,28
9009,26
9010,24
9011,30
9012,26
9013,28
9014,22
9015,20
9016,20
9017,15
9018,9
9019,0
9020,-4
9021,-7
9022,-11
9023,-19
9024,-21
9025,-23
9026,-21
9027,-21
9028,-21
9029,-20
9030,-17
9031,-11
9032,-11
9033,-10
9034,-3
9035,2
9036,7
9037,11
9038,18
9039,20
9040,22
9041,26
9042,28
9043,23
9044,20
9045,20
9046,18
9047,13
9048,7
9049,5
9050,3
9051,0
9052,-7
9053,-10
9054,-11
9055,-14
9056,-15
9057,-17
9058,-19
9059,-19
9060,-15
9061,-12
9062,-11
9063,-11
9064,-8
9065,-2
9066,2
9067,5
9068,9
9069,15
9070,16
9071,19
9072,19
9073,22
9074,18
9075,20
9076,19
9077,14
9078,14
9079,11
9080,7
9081,2
9082,-4
9083,-8
9084,-6
9085,-11
9086,-14
9087,-15
9088,-11
9089,-11
9090,-11
9091,-11
9092,-11
9093,-11
9094,-61
9095,-122
9096,11
9097,3
9098,37
9099,45
9100,-148
9101,33
9102,-101
9103,-117
9104,90
9105,18
9106,74
9107,95
9108,115
9109,86
9110,70
9111,39
9112,49
9113,9
9114,33
9115,6
9116,13
9117,22
9118,6
9119,30
9120,-10
9121,-29
9122,-32
9123,-58
9124,-58
9125,-51
9126,-65
9127,-48
9128,-50
9129,-33
9130,-14
9131,-14
9132,-11
9133,-11
9134,-3
9135,9
9136,3
9137,24
9138,23
9139,35
9140,49
9141,45
9142,57
9143,60
9144,45
9145,54
9146,40
9147,36
9148,28
9149,9
9150,-6
9151,-7
9152,-17
9153,-27
9154,-36
9155,-41
9156,-41
9157,-42
9158,-41
9159,-42
9160,-42
9161,-42
9162,-38
9163,-28
9164,-11
9165,-10
9166,10
9167,33
9168,31
9169,43
9170,39
9171,49
9172,37
9173,44
9174,33
9175,28
9176,22
9177,24
9178,18
9179,1
9180,5
9181,-4
9182,-7
9183,-12
9184,-15
9185,-21
9186,-28
9187,-29
9188,-36
9189,-37
9190,-37
9191,-28
9192,-25
9193,-20
9194,-12
9195,-11
9196,0
9197,-2
9198,5
9199,10
9200,18
9201,26
9202,35
9203,36
9204,33
9205,35
9206,39
9207,37
9208,30
9209,23
9210,14
9211,11
9212,2
9213,-3
9214,-11
9215,-14
9216,-19
9217,-19
9218,-25
9219,-32
9220,-34
9221,-31
9222,-25
9223,-24
9224,-21
9225,-17
9226,-3
9227,-3
9228,3
9229,10
9230,11
9231,20
9232,22
9233,22
9234,28
9235,26
9236,30
9237,28
9238,20
9239,22
9240,18
9241,18
9242,11
9243,7
9244,-2
9245,-3
9246,-10
9247,-11
9248,-15
9249,-19
9250,-21
9251,-16
9252,-20
9253,-20
9254,-16
9255,-17
9256,-12
9257,-11
9258,-8
9259,-4
9260,1
9261,10
9262,14
9263,20
9264,20
9265,20
9266,27
9267,26
9268,26
9269,18
9270,18
9271,20
9272,15
9273,10
9274,2
9275,-2
9276,-3
9277,-4
9278,-8
9279,-11
9280,-17
9281,6
9282,-166
9283,16
9284,-16
9285,20
9286,50
9287,83
9288,-183
9289,-46
9290,43
9291,-233
9292,113
9293,-51
9294,94
9295,182
9296,116
9297,109
9298,118
9299,5
9300,70
9301,11
9302,-23
9303,28
9304,15
9305,61
9306,58
9307,66
9308,36
9309,-12
9310,-21
9311,-61
9312,-83
9313,-76
9314,-97
9315,-80
9316,-50
9317,-42
9318,-25
9319,-15
9320,-23
9321,-12
9322,-15
9323,-8
9324,-11
9325,-6
9326,10
9327,24
9328,45
9329,50
9330,65
9331,71
9332,69
9333,77
9334,64
9335,47
9336,37
9337,23
9338,9
9339,7
9340,-11
9341,-16
9342,-12
9343,-25
9344,-28
9345,-33
9346,-38
9347,-48
9348,-59
9349,-62
9350,-61
9351,-53
9352,-34
9353,-16
9354,-2
9355,18
9356,22
9357,30
9358,35
9359,28
9360,33
9361,40
9362,44
9363,49
9364,41
9365,37
9366,32
9367,37
9368,27
9369,14
9370,3
9371,-7
9372,-8
9373,-15
9374,-23
9375,-28
9376,-40
9377,-40
9378,-40
9379,-42
9380,-36
9381,-34
9382,-31
9383,-21
9384,-21
9385,-16
9386,-4
9387,3
9388,13
9389,22
9390,28
9391,40
9392,41
9393,47
9394,47
9395,44
9396,47
9397,41
9398,31
9399,28
9400,15
9401,9
9402,3
9403,-2
9404,-11
9405,-15
9406,-19
9407,-24
9408,-32
9409,-36
9410,-37
9411,-40
9412,-34
9413,-32
9414,-24
9415,-16
9416,-11
9417,-3
9418,6
9419,9
9420,20
9421,20
9422,24
9423,24
9424,30
9425,33
9426,35
9427,32
9428,31
9429,27
9430,26
9431,23
9432,11
9433,5
9434,-3
9435,-6
9436,-11
9437,-19
9438,-21
9439,-24
9440,-23
9441,-21
9442,-28
9443,-29
9444,-21
9445,-21
9446,-20
9447,-12
9448,-11
9449,-2
9450,3
9451,14
9452,16
9453,18
9454,26
9455,28
9456,28
9457,26
9458,24
9459,28
9460,24
9461,22
9462,20
9463,14
9464,9
9465,6
9466,-4
9467,-6
9468,-12
9469,-15
9470,-16
9471,-21
9472,-45
9473,-140
9474,11
9475,-17
9476,-6
9477,44
9478,-429
9479,-97
9480,-50
9481,-2
9482,-19
9483,78
9484,57
9485,81
9486,133
9487,126
9488,115
9489,87
9490,45
9491,50
9492,26
9493,19
9494,24
9495,31
9496,30
9497,36
9498,45
9499,0
9500,-29
9501,-32
9502,-67
9503,-67
9504,-78
9505,-91
9506,-76
9507,-61
9508,-44
9509,-25
9510,-20
9511,-15
9512,-11
9513,-8
9514,-2
9515,0
9516,13
9517,24
9518,43
9519,52
9520,61
9521,75
9522,74
9523,75
9524,71
9525,61
9526,45
9527,36
9528,16
9529,3
9530,-3
9531,-14
9532,-21
9533,-32
9534,-41
9535,-38
9536,-46
9537,-49
9538,-54
9539,-61
9540,-61
9541,-51
9542,-40
9543,-24
9544,-8
9545,10
9546,24
9547,35
9548,36
9549,39
9550,49
9551,57
9552,45
9553,47
9554,47
9555,41
9556,40
9557,30
9558,19
9559,16
9560,11
9561,-2
9562,-8
9563,-7
9564,-27
9565,-32
9566,-37
9567,-38
9568,-55
9569,-44
9570,-16
9571,-38
9572,-34
9573,-29
9574,-11
9575,-14
9576,-11
9577,0
9578,5
9579,20
9580,26
9581,36
9582,44
9583,45
9584,48
9585,54
9586,47
9587,43
9588,35
9589,27
9590,23
9591,13
9592,5
9593,-7
9594,-11
9595,-12
9596,-17
9597,-29
9598,-34
9599,-37
9600,-37
9601,-41
9602,-38
9603,-36
9604,-29
9605,-17
9606,-11
9607,-6
9608,2
9609,9
9610,18
9611,19
9612,28
9613,28
9614,33
9615,39
9616,39
9617,39
9618,35
9619,32
9620,28
9621,22
9622,18
9623,6
9624,0
9625,-7
9626,-11
9627,-17
9628,-23
9629,-24
9630,-28
9631,-28
9632,-29
9633,-29
9634,-25
9635,-21
9636,-21
9637,-15
9638,-11
9639,-6
9640,5
9641,10
9642,15
9643,22
9644,26
9645,31
9646,28
9647,31
9648,30
9649,28
9650,28
9651,20
9652,19
9653,14
9654,9
9655,7
9656,-3
9657,-8
9658,-12
9659,-17
9660,-17
9661,-20
9662,-19
9663,-25
9664,-24
9665,-19
9666,-16
9667,-14
9668,-17
9669,10
9670,-161
9671,13
9672,56
9673,-385
9674,-185
9675,159
9676,67
9677,-150
9678,66
9679,82
9680,58
9681,33
9682,66
9683,39
9684,71
9685,9
9686,66
9687,39
9688,31
9689,40
9690,20
9691,-11
9692,7
9693,7
9694,-21
9695,-40
9696,-32
9697,-49
9698,-58
9699,-54
9700,-59
9701,-54
9702,-41
9703,-36
9704,-20
9705,-14
9706,-19
9707,-11
9708,0
9709,7
9710,16
9711,23
9712,32
9713,41
9714,45
9715,57
9716,57
9717,52
9718,52
9719,52
9720,40
9721,31
9722,24
9723,15
9724,1
9725,-4
9726,-12
9727,-21
9728,-37
9729,-45
9730,-46
9731,-44
9732,-51
9733,-49
9734,-41
9735,-34
9736,-29
9737,-20
9738,-11
9739,-4
9740,7
9741,19
9742,33
9743,36
9744,39
9745,48
9746,47
9747,41
9748,36
9749,48
9750,26
9751,20
9752,22
9753,9
9754,9
9755,0
9756,-2
9757,-14
9758,-23
9759,-29
9760,-25
9761,-15
9762,-50
9763,-32
9764,-33
9765,-25
9766,-27
9767,-19
9768,-16
9769,-10
9770,-3
9771,3
9772,10
9773,18
9774,24
9775,30
9776,32
9777,36
9778,37
9779,41
9780,36
9781,33
9782,33
9783,26
9784,20
9785,9
9786,3
9787,-3
9788,-8
9789,-15
9790,-20
9791,-25
9792,-27
9793,-34
9794,-31
9795,-32
9796,-28
9797,-27
9798,-20
9799,-16
9800,-11
9801,-6
9802,1
9803,7
9804,13
9805,19
9806,27
9807,26
9808,28
9809,22
9810,27
9811,30
9812,26
9813,20
9814,19
9815,13
9816,14
9817,7
9818,-3
9819,-8
9820,-11
9821,-14
9822,-17
9823,-20
9824,-20
9825,-23
9826,-23
9827,-23
9828,-21
9829,-19
9830,-14
9831,-11
9832,-10
9833,-2
9834,6
9835,9
9836,13
9837,15
9838,18
9839,26
9840,26
9841,27
9842,28
9843,28
9844,24
9845,20
9846,16
9847,10
9848,6
9849,0
9850,-6
9851,-11
9852,-11
9853,-11
9854,-14
9855,-20
9856,-21
9857,-20
9858,-20
9859,-17
9860,-615
9861,201
9862,11
9863,-59
9864,139
9865,0
9866,-377
9867,113
9868,-383
9869,18
9870,139
9871,-58
9872,317
9873,112
9874,121
9875,112
9876,100
9877,-12
9878,37
9879,-28
9880,57
9881,-45
9882,58
9883,52
9884,16
9885,75
9886,-11
9887,-72
9888,-59
9889,-113
9890,-106
9891,-91
9892,-109
9893,-79
9894,-50
9895,-28
9896,-15
9897,-2
9898,-14
9899,-14
9900,-11
9901,-6
9902,-2
9903,30
9904,18
9905,75
9906,77
9907,69
9908,88
9909,82
9910,65
9911,79
9912,49
9913,37
9914,32
9915,1
9916,2
9917,-10
9918,-23
9919,-28
9920,-41
9921,-49
9922,-55
9923,-59
9924,-58
9925,-65
9926,-71
9927,-66
9928,-58
9929,-46
9930,-27
9931,0
9932,26
9933,41
9934,50
9935,54
9936,45
9937,56
9938,57
9939,57
9940,52
9941,49
9942,52
9943,36
9944,30
9945,14
9946,2
9947,3
9948,-11
9949,-17
9950,-23
9951,-36
9952,-37
9953,-50
9954,-54
9955,-49
9956,-45
9957,-48
9958,-32
9959,-45
9960,-29
9961,-21
9962,-8
9963,-10
9964,-4
9965,13
9966,24
9967,37
9968,43
9969,49
9970,52
9971,53
9972,56
9973,47
9974,39
9975,35
9976,28
9977,14
9978,9
9979,0
9980,-11
9981,-15
9982,-23
9983,-36
9984,-37
9985,-38
9986,-45
9987,-46
9988,-38
9989,-40
9990,-36
9991,-28
9992,-15
9993,-4
9994,3
9995,11
9996,18
9997,19
9998,27
9999,26
10000,33
10001,32
10002,39
10003,40
10004,39
10005,33
10006,28
10007,26
10008,20
10009,10
10010,2
10011,-6
10012,-12
10013,-16
10014,-19
10015,-29
10016,-28
10017,-34
10018,-29
10019,-32
10020,-33
10021,-25
10022,-24
10023,-21
10024,-17
10025,-10
10026,-2
10027,7
10028,16
10029,20
10030,26
10031,35
10032,35
10033,33
10034,28
10035,30
10036,27
10037,26
10038,20
10039,16
10040,14
10041,5
10042,0
10043,-11
10044,-11
10045,-16
10046,-20
10047,-27
10048,-27
10049,-25
10050,-24
10051,-23
10052,-21
10053,-20
10054,-14
10055,-12
10056,-8
10057,-7
10058,-2
10059,7
10060,14
10061,19
10062,23
10063,28
10064,24
10065,28
10066,28
10067,26
10068,52
10069,-127
10070,62
10071,-359
10072,-316
10073,172
10074,5
10075,62
10076,112
10077,145
10078,103
10079,18
10080,-37
10081,-7
10082,-11
10083,-24
10084,-8
10085,36
10086,56
10087,73
10088,98
10089,26
10090,23
10091,3
10092,-59
10093,-62
10094,-61
10095,-61
10096,-27
10097,-14
10098,-10
10099,1
10100,1
10101,-10
10102,-16
10103,-24
10104,-37
10105,-46
10106,-21
10107,-17
10108,-4
10109,13
10110,22
10111,43
10112,45
10113,48
10114,49
10115,32
10116,36
10117,37
10118,22
10119,19
10120,22
10121,14
10122,16
10123,10
10124,2
10125,-2
10126,-12
10127,-27
10128,-41
10129,-46
10130,-50
10131,-57
10132,-50
10133,-41
10134,-29
10135,-11
10136,2
10137,11
10138,18
10139,19
10140,22
10141,22
10142,19
10143,24
10144,26
10145,19
10146,26
10147,20
10148,16
10149,20
10150,15
10151,15
10152,1
10153,0
10154,-15
10155,-2
10156,-12
10157,-11
10158,-16
10159,-11
10160,-19
10161,-20
10162,-19
10163,-24
10164,-19
10165,-21
10166,-16
10167,-14
10168,-11
10169,-3
10170,6
10171,11
10172,16
10173,26
10174,26
10175,28
10176,24
10177,24
10178,27
10179,26
10180,19
10181,14
10182,14
10183,13
10184,3
10185,2
10186,-6
10187,-11
10188,-14
10189,-17
10190,-25
10191,-28
10192,-28
10193,-24
10194,-21
10195,-20
10196,-12
10197,-8
10198,-2
10199,-2
10200,3
10201,2
10202,7
10203,6
10204,10
10205,14
10206,14
10207,20
10208,19
10209,19
10210,19
10211,16
10212,19
10213,18
10214,11
10215,3
10216,2
10217,-3
10218,-4
10219,-7
10220,-11
10221,-12
10222,-11
10223,-16
10224,-19
10225,-19
10226,-19
10227,-14
10228,-12
10229,-11
10230,-11
10231,-3
10232,0
10233,10
10234,5
10235,14
10236,15
10237,16
10238,19
10239,14
10240,15
10241,18
10242,14
10243,18
10244,9
10245,11
10246,9
10247,1
10248,-2
10249,-7
10250,-11
10251,-11
10252,-14
10253,-14
10254,-15
10255,-14
10256,-11
10257,-11
10258,-11
10259,-300
10260,24
10261,-2
10262,-33
10263,147
10264,88
10265,168
10266,28
10267,107
10268,130
10269,79
10270,20
10271,91
10272,-12
10273,74
10274,26
10275,73
10276,95
10277,64
10278,113
10279,26
10280,30
10281,14
10282,-75
10283,-58
10284,-74
10285,-93
10286,-46
10287,-83
10288,-59
10289,-51
10290,-51
10291,-38
10292,-37
10293,-50
10294,-41
10295,-59
10296,-25
10297,-17
10298,3
10299,32
10300,26
10301,64
10302,73
10303,70
10304,87
10305,61
10306,69
10307,81
10308,52
10309,48
10310,35
10311,20
10312,26
10313,13
10314,-11
10315,-11
10316,-31
10317,-44
10318,-59
10319,-74
10320,-82
10321,-88
10322,-78
10323,-74
10324,-54
10325,-28
10326,-20
10327,-7
10328,9
10329,24
10330,35
10331,44
10332,40
10333,52
10334,54
10335,56
10336,57
10337,50
10338,53
10339,49
10340,36
10341,32
10342,24
10343,15
10344,0
10345,-11
10346,-17
10347,-23
10348,-32
10349,-48
10350,-42
10351,-42
10352,-46
10353,-42
10354,-51
10355,-37
10356,-37
10357,-32
10358,-27
10359,-11
10360,7
10361,10
10362,24
10363,28
10364,41
10365,49
10366,50
10367,47
10368,49
10369,50
10370,44
10371,37
10372,32
10373,28
10374,23
10375,11
10376,-4
10377,-10
10378,-15
10379,-24
10380,-38
10381,-42
10382,-44
10383,-49
10384,-45
10385,-42
10386,-32
10387,-28
10388,-19
10389,-16
10390,-8
10391,6
10392,5
10393,7
10394,16
10395,32
10396,32
10397,33
10398,30
10399,40
10400,45
10401,37
10402,30
10403,32
10404,28
10405,18
10406,7
10407,-3
10408,-4
10409,-8
10410,-12
10411,-25
10412,-27
10413,-23
10414,-31
10415,-36
10416,-37
10417,-32
10418,-25
10419,-24
10420,-21
10421,-11
10422,-4
10423,5
10424,5
10425,15
10426,24
10427,24
10428,27
10429,30
10430,33
10431,33
10432,32
10433,27
10434,28
10435,27
10436,18
10437,9
10438,7
10439,3
10440,-4
10441,-16
10442,-25
10443,-23
10444,-19
10445,-27
10446,-33
10447,-32
10448,-21
10449,-23
10450,-19
10451,-17
10452,-11
10453,-2
10454,-3
10455,0
10456,6
10457,18
10458,23
10459,20
10460,23
10461,20
10462,-10
10463,-2
10464,14
10465,22
10466,35
10467,36
10468,32
10469,28
10470,-19
10471,-45
10472,-25
10473,-20
10474,-72
10475,-8
10476,-32
10477,-11
10478,-14
10479,-2
10480,-8
10481,-6
10482,-7
10483,9
10484,11
10485,9
10486,6
10487,15
10488,27
10489,26
10490,19
10491,24
10492,35
10493,26
10494,23
10495,9
10496,6
10497,3
10498,-6
10499,-11
10500,-7
10501,-8
10502,-11
10503,-16
10504,-19
10505,-11
10506,-14
10507,-19
10508,-25
10509,-21
10510,-11
10511,-11
10512,-8
10513,-4
10514,6
10515,14
10516,18
10517,14
10518,20
10519,24
10520,24
10521,18
10522,16
10523,23
10524,19
10525,23
10526,15
10527,20
10528,14
10529,5
10530,0
10531,-10
10532,-7
10533,-11
10534,-14
10535,-16
10536,-14
10537,-12
10538,-17
10539,-19
10540,-15
10541,-7
10542,-7
10543,-10
10544,1
10545,3
10546,2
10547,2
10548,-3
10549,5
10550,15
10551,11
10552,5
10553,13
10554,18
10555,22
10556,14
10557,18
10558,-2
10559,-10
10560,9
10561,-4
10562,9
10563,-11
10564,-8
10565,-11
10566,-19
10567,-17
10568,-11
10569,-11
10570,-21
10571,-11
10572,-10
10573,-7
10574,-10
10575,-3
10576,3
10577,5
10578,10
10579,5
10580,14
10581,18
10582,18
10583,11
10584,18
10585,18
10586,15
10587,15
10588,11
10589,13
10590,3
10591,0
10592,-8
10593,-7
10594,-10
10595,-11
10596,-14
10597,-11
10598,-11
10599,-12
10600,-17
10601,-16
10602,-11
10603,-10
10604,-7
10605,-8
10606,0
10607,5
10608,3
10609,2
10610,9
10611,14
10612,13
10613,14
10614,10
10615,16
10616,19
10617,14
10618,13
10619,2
10620,3
10621,10
10622,6
10623,0
10624,-7
10625,-12
10626,-10
10627,-10
10628,-10
10629,-6
10630,-14
10631,-15
10632,-15
10633,-8
10634,-6
10635,-7
10636,-6
10637,-4
10638,5
10639,-2
10640,1
10641,5
10642,7
10643,13
10644,11
10645,13
10646,5
10647,14
10648,14
10649,15
10650,9
10651,5
10652,3
10653,0
10654,-3
10655,-7
10656,-6
10657,-4
10658,-8
10659,-11
10660,-10
10661,-10
10662,-11
10663,-11
10664,-8
10665,-8
10666,-3
10667,-4
10668,-7
10669,-2
10670,3
10671,5
10672,7
10673,7
10674,13
10675,-156
10676,-262
10677,62
10678,3
10679,179
10680,236
10681,213
10682,137
10683,43
10684,-4
10685,0
10686,-61
10687,-96
10688,16
10689,40
10690,75
10691,82
10692,105
10693,39
10694,18
10695,-28
10696,-99
10697,-114
10698,-101
10699,-100
10700,-55
10701,-37
10702,-17
10703,-10
10704,2
10705,0
10706,-8
10707,-27
10708,-42
10709,-42
10710,-23
10711,-11
10712,9
10713,39
10714,57
10715,75
10716,78
10717,75
10718,73
10719,54
10720,48
10721,40
10722,14
10723,10
10724,6
10725,0
10726,2
10727,2
10728,-10
10729,-16
10730,-38
10731,-48
10732,-61
10733,-68
10734,-79
10735,-74
10736,-58
10737,-49
10738,-38
10739,-7
10740,7
10741,28
10742,37
10743,33
10744,35
10745,40
10746,48
10747,49
10748,57
10749,52
10750,54
10751,31
10752,24
10753,18
10754,3
10755,14
10756,-2
10757,2
10758,-17
10759,-17
10760,-20
10761,-28
10762,-37
10763,-41
10764,-36
10765,-37
10766,-31
10767,-28
10768,-27
10769,-21
10770,-21
10771,-16
10772,-11
10773,1
10774,10
10775,22
10776,32
10777,36
10778,47
10779,40
10780,41
10781,40
10782,35
10783,33
10784,24
10785,16
10786,14
10787,7
10788,3
10789,-4
10790,-11
10791,-20
10792,-21
10793,-33
10794,-38
10795,-44
10796,-45
10797,-44
10798,-38
10799,-28
10800,-19
10801,-11
10802,-3
10803,5
10804,10
10805,11
10806,18
10807,18
10808,22
10809,27
10810,32
10811,35
10812,33
10813,32
10814,28
10815,24
10816,20
10817,13
10818,3
10819,-2
10820,-4
10821,-10
10822,-11
10823,-19
10824,-23
10825,-23
10826,-25
10827,-25
10828,-29
10829,-27
10830,-23
10831,-21
10832,-20
10833,-12
10834,-10
10835,1
10836,9
10837,15
10838,16
10839,28
10840,28
10841,26
10842,26
10843,23
10844,26
10845,22
10846,22
10847,18
10848,14
10849,11
10850,6
10851,-4
10852,-8
10853,-11
10854,-17
10855,-16
10856,-214
10857,-12
10858,-11
10859,-41
10860,143
10861,-212
10862,290
10863,-200
10864,-21
10865,79
10866,84
10867,152
10868,115
10869,73
10870,109
10871,52
10872,31
10873,78
10874,-2
10875,100
10876,53
10877,56
10878,56
10879,47
10880,27
10881,-10
10882,-59
10883,-70
10884,-89
10885,-83
10886,-75
10887,-76
10888,-70
10889,-71
10890,-59
10891,-37
10892,-33
10893,-34
10894,-37
10895,-37
10896,-21
10897,-10
10898,20
10899,36
10900,56
10901,67
10902,73
10903,82
10904,88
10905,83
10906,75
10907,61
10908,58
10909,50
10910,28
10911,5
10912,31
10913,-7
10914,-17
10915,-36
10916,-58
10917,-62
10918,-67
10919,-71
10920,-87
10921,-106
10922,-74
10923,-72
10924,-55
10925,-38
10926,-12
10927,-2
10928,30
10929,32
10930,37
10931,50
10932,48
10933,52
10934,53
10935,67
10936,64
10937,61
10938,56
10939,44
10940,43
10941,28
10942,13
10943,5
10944,-3
10945,-14
10946,-29
10947,-40
10948,-41
10949,-46
10950,-54
10951,-62
10952,-58
10953,-46
10954,-46
10955,-46
10956,-44
10957,-23
10958,-11
10959,-7
10960,1
10961,23
10962,36
10963,37
10964,44
10965,52
10966,60
10967,60
10968,54
10969,48
10970,47
10971,41
10972,33
10973,16
10974,11
10975,5
10976,-8
10977,-17
10978,-29
10979,-33
10980,-44
10981,-49
10982,-59
10983,-49
10984,-45
10985,-42
10986,-38
10987,-28
10988,-16
10989,-11
10990,-7
10991,2
10992,13
10993,22
10994,26
10995,30
10996,41
10997,44
10998,45
10999,40
11000,44
11001,44
11002,35
11003,27
11004,14
11005,14
11006,7
11007,-4
11008,-15
11009,-16
11010,-17
11011,-27
11012,-40
11013,-41
11014,-32
11015,-38
11016,-41
11017,-42
11018,-31
11019,-20
11020,-16
11021,-14
11022,-4
11023,6
11024,14
11025,20
11026,18
11027,30
11028,40
11029,35
11030,35
11031,35
11032,37
11033,35
11034,23
11035,15
11036,14
11037,7
11038,0
11039,-11
11040,-12
11041,-147
11042,-153
11043,0
11044,-24
11045,0
11046,31
11047,41
11048,-61
11049,-92
11050,-203
11051,-155
11052,-6
11053,2
11054,112
11055,147
11056,129
11057,105
11058,103
11059,44
11060,39
11061,19
11062,-3
11063,35
11064,45
11065,57
11066,62
11067,67
11068,41
11069,-6
11070,-36
11071,-61
11072,-84
11073,-85
11074,-100
11075,-87
11076,-67
11077,-53
11078,-45
11079,-32
11080,-27
11081,-23
11082,-25
11083,-25
11084,-11
11085,1
11086,11
11087,27
11088,43
11089,65
11090,73
11091,83
11092,75
11093,78
11094,77
11095,64
11096,40
11097,30
11098,20
11099,10
11100,-8
11101,-20
11102,-17
11103,-23
11104,-37
11105,-49
11106,-50
11107,-54
11108,-68
11109,-78
11110,-78
11111,-63
11112,-49
11113,-29
11114,-11
11115,5
11116,26
11117,32
11118,16
11119,39
11120,47
11121,48
11122,50
11123,49
11124,50
11125,49
11126,43
11127,31
11128,31
11129,26
11130,14
11131,0
11132,-6
11133,-11
11134,-25
11135,-29
11136,-42
11137,-44
11138,-45
11139,-46
11140,-45
11141,-41
11142,-33
11143,-31
11144,-25
11145,-25
11146,-11
11147,-6
11148,5
11149,10
11150,28
11151,40
11152,43
11153,39
11154,47
11155,49
11156,44
11157,40
11158,30
11159,30
11160,27
11161,13
11162,3
11163,-2
11164,-3
11165,-11
11166,-24
11167,-34
11168,-32
11169,-40
11170,-42
11171,-50
11172,-44
11173,-29
11174,-32
11175,-25
11176,-16
11177,-7
11178,3
11179,6
11180,6
11181,19
11182,26
11183,32
11184,30
11185,35
11186,37
11187,40
11188,36
11189,30
11190,30
11191,28
11192,16
11193,5
11194,2
11195,1
11196,-12
11197,-21
11198,-23
11199,-20
11200,-27
11201,-34
11202,-33
11203,-28
11204,-25
11205,-27
11206,-32
11207,-17
11208,-11
11209,-8
11210,-4
11211,-3
11212,16
11213,22
11214,24
11215,20
11216,30
11217,33
11218,31
11219,27
11220,22
11221,27
11222,22
11223,15
11224,3
11225,5
11226,2
11227,-250
11228,-163
11229,-41
11230,-21
11231,-16
11232,32
11233,28
11234,26
11235,-11
11236,-32
11237,36
11238,10
11239,-89
11240,-38
11241,-63
11242,176
11243,118
11244,91
11245,134
11246,91
11247,126
11248,18
11249,2
11250,14
11251,35
11252,24
11253,87
11254,61
11255,64
11256,61
11257,54
11258,3
11259,-23
11260,-38
11261,-83
11262,-84
11263,-88
11264,-92
11265,-70
11266,-54
11267,-54
11268,-29
11269,-33
11270,-29
11271,-28
11272,-25
11273,-21
11274,-10
11275,0
11276,18
11277,31
11278,50
11279,66
11280,82
11281,82
11282,79
11283,70
11284,61
11285,50
11286,40
11287,18
11288,10
11289,5
11290,-3
11291,-10
11292,-12
11293,-15
11294,-31
11295,-53
11296,-66
11297,-74
11298,-83
11299,-78
11300,-74
11301,-66
11302,-65
11303,-29
11304,-16
11305,1
11306,5
11307,19
11308,33
11309,41
11310,49
11311,53
11312,58
11313,60
11314,50
11315,47
11316,40
11317,37
11318,27
11319,18
11320,15
11321,3
11322,-6
11323,-12
11324,-25
11325,-34
11326,-42
11327,-42
11328,-49
11329,-46
11330,-46
11331,-40
11332,-37
11333,-33
11334,-27
11335,-20
11336,-11
11337,-6
11338,5
11339,18
11340,30
11341,40
11342,39
11343,45
11344,48
11345,47
11346,45
11347,41
11348,33
11349,27
11350,22
11351,16
11352,9
11353,1
11354,-8
11355,-14
11356,-21
11357,-29
11358,-38
11359,-42
11360,-45
11361,-46
11362,-41
11363,-38
11364,-33
11365,-20
11366,-15
11367,-11
11368,-3
11369,1
11370,14
11371,15
11372,23
11373,26
11374,33
11375,36
11376,40
11377,39
11378,35
11379,36
11380,28
11381,20
11382,13
11383,7
11384,1
11385,-7
11386,-11
11387,-14
11388,-20
11389,-25
11390,-27
11391,-33
11392,-34
11393,-33
11394,-28
11395,-31
11396,-25
11397,-19
11398,-11
11399,-10
11400,1
11401,5
11402,14
11403,22
11404,24
11405,27
11406,30
11407,31
11408,30
11409,30
11410,31
11411,27
11412,24
11413,20
11414,14
11415,3
11416,-4
11417,-8
11418,-15
11419,-15
11420,-21
11421,-24
11422,-28
11423,-28
11424,-28
11425,-28
11426,-21
11427,-20
11428,-17
11429,-14
11430,-10
11431,0
11432,1
11433,9
11434,11
11435,15
11436,22
11437,20
11438,24
11439,24
11440,27
11441,24
11442,20
11443,16
11444,13
11445,11
11446,6
11447,0
11448,-8
11449,-11
11450,-173
11451,-265
11452,11
11453,-14
11454,43
11455,129
11456,90
11457,22
11458,-11
11459,-50
11460,-23
11461,-36
11462,-16
11463,35
11464,61
11465,92
11466,91
11467,81
11468,56
11469,37
11470,14
11471,-19
11472,-33
11473,-17
11474,-12
11475,-4
11476,3
11477,-7
11478,-7
11479,-12
11480,-23
11481,-33
11482,-48
11483,-65
11484,-61
11485,-49
11486,-41
11487,-20
11488,-7
11489,0
11490,9
11491,19
11492,26
11493,26
11494,24
11495,30
11496,41
11497,31
11498,30
11499,32
11500,35
11501,37
11502,36
11503,27
11504,19
11505,10
11506,-2
11507,-11
11508,-23
11509,-38
11510,-38
11511,-42
11512,-40
11513,-40
11514,-28
11515,-17
11516,-16
11517,-16
11518,-21
11519,-19
11520,-19
11521,-11
11522,-4
11523,9
11524,23
11525,31
11526,35
11527,39
11528,45
11529,43
11530,41
11531,33
11532,30
11533,30
11534,18
11535,3
11536,-3
11537,-11
11538,-21
11539,-28
11540,-34
11541,-38
11542,-24
11543,-42
11544,-41
11545,-27
11546,-44
11547,-38
11548,-19
11549,-16
11550,7
11551,3
11552,11
11553,15
11554,16
11555,20
11556,24
11557,22
11558,22
11559,26
11560,24
11561,26
11562,23
11563,22
11564,19
11565,15
11566,9
11567,0
11568,-7
11569,-11
11570,-12
11571,-17
11572,-19
11573,-25
11574,-24
11575,-19
11576,-19
11577,-23
11578,-17
11579,-16
11580,-16
11581,-14
11582,-12
11583,-7
11584,0
11585,11
11586,13
11587,15
11588,20
11589,23
11590,24
11591,24
11592,26
11593,26
11594,20
11595,16
11596,13
11597,5
11598,2